BEGIN;

INSERT INTO user (user_id)
VALUES (1), (2), (3), (4), (5), (6), (7), (8), (9), (10), (11), (12);

INSERT INTO authentication (user_id, email, password, token)
VALUES
	(1, 'hoge@example.com', '$2y$10$ulqpqhnysOSiV1CiFlFMXeSC2vl4YzT7wNUtUAYmPF/GqGxuZSyAm', 'abcdef123456789'),
	(2, 'hoge+1@example.com', '$2y$10$ulqpqhnysOSiV1CiFlFMXeSC2vl4YzT7wNUtUAYmPF/GqGxuZSyAm',
	 '01ba4719c80b6fe911b091a7c05124b64eeece964e09c058ef8f9805daca546b'),
	(3, 'hoge+2@example.com', '$2y$10$ulqpqhnysOSiV1CiFlFMXeSC2vl4YzT7wNUtUAYmPF/GqGxuZSyAm',
	 'bbc9d7c7640f72a3243de927fecfa76b396fe0f9e75ba1ad5ba28cc8c6e1446c'),
	(4, 'hoge+3@example.com', '$2y$10$ulqpqhnysOSiV1CiFlFMXeSC2vl4YzT7wNUtUAYmPF/GqGxuZSyAm',
	 '2e0390eb024a52963db7b95e84a9c2b12c004054a7bad9a97ec0c7c89d4681d2'),
	(5, 'hoge+4@example.com', '$2y$10$ulqpqhnysOSiV1CiFlFMXeSC2vl4YzT7wNUtUAYmPF/GqGxuZSyAm',
	 'e712aff3705ac314b9a890e0ec208faa20054eee514d86ab913d768f94e01279'),
	(6, 'hoge+5@example.com', '$2y$10$ulqpqhnysOSiV1CiFlFMXeSC2vl4YzT7wNUtUAYmPF/GqGxuZSyAm',
	 'e712aff3705ac314b9a890e0ec208faa20054eee514d86ab913d768f94e01278'),
	(7, 'hoge+6@example.com', '$2y$10$ulqpqhnysOSiV1CiFlFMXeSC2vl4YzT7wNUtUAYmPF/GqGxuZSyAm',
	 'e712aff3705ac314b9a890e0ec208faa20054eee514d86ab913d768f94e01280'),
	(8, 'hoge+7@example.com', '$2y$10$ulqpqhnysOSiV1CiFlFMXeSC2vl4YzT7wNUtUAYmPF/GqGxuZSyAm',
	 'e712aff3705ac314b9a890e0ec208faa20054eee514d86ab913d768f94e01289'),
	(9, 'hoge+8@example.com', '$2y$10$ulqpqhnysOSiV1CiFlFMXeSC2vl4YzT7wNUtUAYmPF/GqGxuZSyAm',
	 'e712aff3705ac314b9a890e0ec208faa20054eee514d86ab913d768f94e01379'),
	(10, 'hoge+9@example.com', '$2y$10$ulqpqhnysOSiV1CiFlFMXeSC2vl4YzT7wNUtUAYmPF/GqGxuZSyAm',
	 'e712aff3705ac314b9a890e0ec208faa20054eee514d86ab913d768f94e01179'),
	(11, 'hoge+10@example.com', '$2y$10$ulqpqhnysOSiV1CiFlFMXeSC2vl4YzT7wNUtUAYmPF/GqGxuZSyAm',
	 'e712aff3705ac314b9a890e0ec208faa20054eee514d86ab913d768f94e01479'),
	(12, 'hoge+11@example.com', '$2y$10$ulqpqhnysOSiV1CiFlFMXeSC2vl4YzT7wNUtUAYmPF/GqGxuZSyAm',
	 'e712aff3705ac314b9a890e0ec208faa20054eee514d86ab913d768f94e01579');

INSERT INTO shop (shop_id, name, open_time, close_time, address, latitude, longitude, geom_hash)
VALUES
	(1, 'おいしいケーキ デ・リ・シャス', '10:00:00', '20:00:00', '東京都新宿区西新宿2-10-1', 35.687309, 139.689983, '133002112301230313'),
	(2, 'mystery of crepe', NULL, NULL, '東京都新宿区西新宿4-33-4', 35.686451, 139.688969, '133002112301230312'),
	(3, 'Liebesknochen', '11:00:00', '13:30:00', '東京都新宿区西新宿3-11-20', 35.685732, 139.689006, '133002112301230330'),
	(4, '和菓子総本家', '08:00:00', '18:00:00', '東京都新宿区西新宿4-34-10', 35.685742, 139.688497, '133002112301230330'),
	(5, 'スイーツパラリシス', '09:00:00', '24:00:00', '東京都新宿区西新宿4-34-26', 35.686734, 139.68819, '133002112301230303'),
	(6, '百合華 東京都庁店', NULL, NULL, '東京都新宿区西新宿2-8-1', 35.689634, 139.692101, '133002112301231022');

INSERT INTO review (review_id, shop_id, user_id, rating, review_text, sweet_type, latitude, longitude, geom_hash, `like`, `reviewed_at`)
VALUES
	(1, 2, 5, NULL, NULL, 1, 35.686451, 139.688969, '133002112301230321', 0, '2017-06-17 21:50:51'),
	(2, 5, 8, NULL, NULL, 2, 35.686734, 139.68819, '133002112301230330', 0, '2017-06-17 21:50:51'),
	(3, 1, 12, NULL, NULL, 0, 35.687309, 139.689983, '133002112301230331', 0, '2017-06-17 21:50:51'),
	(4, 5, 7, 3, NULL, 4, 35.686734, 139.68819, '133002112301230330', 0, '2017-06-17 21:50:51'),
	(5, 2, 4, 3, NULL, 1, 35.686451, 139.688969, '133002112301230302', 0, '2017-06-17 21:50:51'),
	(6, 4, 7, 2, NULL, 3, 35.685742, 139.688497, '133002112301230333', 0, '2017-06-17 21:50:51'),
	(7, 6, 1, NULL, NULL, 3, 35.689634, 139.692101, '133002112301230133', 0, '2017-06-17 21:50:51'),
	(8, 6, 2, 4, NULL, 4, 35.689634, 139.692101, '133002112301230133', 0, '2017-06-17 21:50:52'),
	(9, 2, 7, NULL, NULL, 1, 35.686451, 139.688969, '133002112301230330', 0, '2017-06-17 21:50:52'),
	(10, 5, 11, 4, NULL, 2, 35.686734, 139.68819, '133002112301230303', 0, '2017-06-17 21:50:52'),
	(11, 6, 9, 3, NULL, 3, 35.689634, 139.692101, '133002112301230131', 0, '2017-06-17 21:50:52'),
	(12, 3, 2, NULL, NULL, 0, 35.685732, 139.689006, '133002112301230332', 0, '2017-06-17 21:50:52'),
	(13, 1, 11, 2, NULL, 0, 35.687309, 139.689983, '133002112301230321', 0, '2017-06-17 21:50:52'),
	(14, 4, 5, 2, 'この店は普通です。', 3, 35.685742, 139.688497, '133002112301230332', 0, '2017-06-17 21:50:52'),
	(15, 4, 11, 3, NULL, 3, 35.685742, 139.688497, '133002112301230332', 0, '2017-06-17 21:50:52'),
	(16, 3, 10, 4, NULL, 0, 35.685732, 139.689006, '133002112301230332', 0, '2017-06-17 21:50:52'),
	(17, 2, 10, 4, NULL, 1, 35.686451, 139.688969, '133002112301230330', 0, '2017-06-17 21:50:52'),
	(18, 5, 12, 2, NULL, 4, 35.686734, 139.68819, '133002112301230323', 0, '2017-06-17 21:50:52'),
	(19, 2, 11, 3, NULL, 1, 35.686451, 139.688969, '133002112301230332', 0, '2017-06-17 21:50:52'),
	(20, 4, 11, 3, 'This is a review.', 3, 35.685742, 139.688497, '133002112301230323', 0, '2017-06-17 21:50:52'),
	(21, 6, 6, 2, NULL, 3, 35.689634, 139.692101, '133002112301230133', 0, '2017-06-17 21:50:52'),
	(22, 5, 3, 2, 'この店はまあまあです。', 3, 35.686734, 139.68819, '133002112301230302', 0, '2017-06-17 21:50:52'),
	(23, 1, 1, 2, NULL, 0, 35.687309, 139.689983, '133002112301231200', 0, '2017-06-17 21:50:52'),
	(24, 4, 3, NULL, NULL, 3, 35.685742, 139.688497, '133002112301230332', 0, '2017-06-17 21:50:52'),
	(25, 4, 7, 3, 'この店は普通です。', 3, 35.685742, 139.688497, '133002112301232110', 0, '2017-06-17 21:50:52'),
	(26, 6, 4, 3, 'これはレビューです。これはレビューです。これはレビューです。これはレビューです。これはレビューです。', 4, 35.689634, 139.692101, '133002112301231022', 0, '2017-06-17 21:50:52'),
	(27, 2, 7, NULL, NULL, 1, 35.686451, 139.688969, '133002112301230300', 0, '2017-06-17 21:50:52'),
	(28, 6, 6, NULL, 'This is a review.', 3, 35.689634, 139.692101, '133002112301230133', 0, '2017-06-17 21:50:52'),
	(29, 2, 6, NULL, NULL, 1, 35.686451, 139.688969, '133002112301230321', 0, '2017-06-17 21:50:52'),
	(30, 1, 9, 3, 'この店は普通です。', 0, 35.687309, 139.689983, '133002112301230303', 0, '2017-06-17 21:50:52'),
	(31, 5, 8, 1, NULL, 3, 35.686734, 139.68819, '133002112301230320', 0, '2017-06-17 21:50:52'),
	(32, 5, 5, 2, NULL, 4, 35.686734, 139.68819, '133002112301230313', 0, '2017-06-17 21:50:52'),
	(33, 5, 3, 3, NULL, 4, 35.686734, 139.68819, '133002112301230303', 0, '2017-06-17 21:50:52'),
	(34, 3, 12, 3, NULL, 1, 35.685732, 139.689006, '133002112301230322', 0, '2017-06-17 21:50:52'),
	(35, 5, 10, 4, NULL, 1, 35.686734, 139.68819, '133002112301230330', 0, '2017-06-17 21:50:52'),
	(36, 6, 10, NULL, NULL, 3, 35.689634, 139.692101, '133002112301231201', 0, '2017-06-17 21:50:52'),
	(37, 5, 9, NULL, NULL, 4, 35.686734, 139.68819, '133002112301230321', 0, '2017-06-17 21:50:52'),
	(38, 2, 2, 3, NULL, 1, 35.686451, 139.688969, '133002112301230331', 0, '2017-06-17 21:50:52'),
	(39, 6, 3, 3, NULL, 3, 35.689634, 139.692101, '133002112301231201', 0, '2017-06-17 21:50:52'),
	(40, 1, 9, 2, NULL, 0, 35.687309, 139.689983, '133002112301230303', 0, '2017-06-17 21:50:52'),
	(41, 4, 5, 3, 'This is a review.', 3, 35.685742, 139.688497, '133002112301230333', 0, '2017-06-17 21:50:52'),
	(42, 1, 9, 2, NULL, 0, 35.687309, 139.689983, '133002112301230313', 0, '2017-06-17 21:50:52'),
	(43, 4, 9, 4, NULL, 3, 35.685742, 139.688497, '133002112301230332', 0, '2017-06-17 21:50:52'),
	(44, 6, 6, 1, NULL, 3, 35.689634, 139.692101, '133002112301231200', 0, '2017-06-17 21:50:52'),
	(45, 1, 9, NULL, NULL, 0, 35.687309, 139.689983, '133002112301231220', 0, '2017-06-17 21:50:52'),
	(46, 6, 4, NULL, 'This is a review.', 4, 35.689634, 139.692101, '133002112301231201', 0, '2017-06-17 21:50:52'),
	(47, 1, 7, NULL, NULL, 0, 35.687309, 139.689983, '133002112301230331', 0, '2017-06-17 21:50:53'),
	(48, 2, 9, 2, NULL, 1, 35.686451, 139.688969, '133002112301230331', 0, '2017-06-17 21:50:53'),
	(49, 6, 10, 3, NULL, 4, 35.689634, 139.692101, '133002112301231201', 0, '2017-06-17 21:50:53'),
	(50, 6, 6, NULL, NULL, 3, 35.689634, 139.692101, '133002112301231200', 0, '2017-06-17 21:50:53'),
	(51, 3, 8, NULL, NULL, 1, 35.685732, 139.689006, '133002112301230332', 0, '2017-06-17 21:50:53'),
	(52, 6, 1, 3, NULL, 3, 35.689634, 139.692101, '133002112301231200', 0, '2017-06-17 21:50:53'),
	(53, 4, 10, 3, NULL, 3, 35.685742, 139.688497, '133002112301230330', 0, '2017-06-17 21:50:53'),
	(54, 1, 4, 2, 'この店は普通です。', 0, 35.687309, 139.689983, '133002112301230312', 0, '2017-06-17 21:50:53'),
	(55, 1, 9, 2, NULL, 0, 35.687309, 139.689983, '133002112301230321', 0, '2017-06-17 21:50:53'),
	(56, 5, 1, 2, NULL, 3, 35.686734, 139.68819, '133002112301230322', 0, '2017-06-17 21:50:53'),
	(57, 1, 8, NULL, NULL, 0, 35.687309, 139.689983, '133002112301230331', 0, '2017-06-17 21:50:53'),
	(58, 1, 5, NULL, 'これはレビューです。これはレビューです。これはレビューです。これはレビューです。これはレビューです。', 0, 35.687309, 139.689983, '133002112301230312', 0, '2017-06-17 21:50:53'),
	(59, 4, 1, 2, NULL, 3, 35.685742, 139.688497, '133002112301230332', 0, '2017-06-17 21:50:53'),
	(60, 1, 9, 3, NULL, 0, 35.687309, 139.689983, '133002112301230311', 0, '2017-06-17 21:50:53'),
	(61, 2, 4, 2, NULL, 1, 35.686451, 139.688969, '133002112301230331', 0, '2017-06-17 21:50:53'),
	(62, 3, 7, 4, NULL, 0, 35.685732, 139.689006, '133002112301232110', 0, '2017-06-17 21:50:53'),
	(63, 5, 9, 3, NULL, 2, 35.686734, 139.68819, '133002112301230321', 0, '2017-06-17 21:50:53'),
	(64, 4, 1, NULL, NULL, 3, 35.685742, 139.688497, '133002112301230332', 0, '2017-06-17 21:50:53'),
	(65, 6, 7, NULL, NULL, 4, 35.689634, 139.692101, '133002112301231022', 0, '2017-06-17 21:50:53'),
	(66, 5, 1, 3, NULL, 2, 35.686734, 139.68819, '133002112301230331', 0, '2017-06-17 21:50:53'),
	(67, 6, 9, NULL, NULL, 3, 35.689634, 139.692101, '133002112301231023', 0, '2017-06-17 21:50:53'),
	(68, 2, 7, 3, NULL, 1, 35.686451, 139.688969, '133002112301230313', 0, '2017-06-17 21:50:53'),
	(69, 4, 12, 2, NULL, 3, 35.685742, 139.688497, '133002112301230323', 0, '2017-06-17 21:50:53'),
	(70, 6, 12, 3, NULL, 3, 35.689634, 139.692101, '133002112301231022', 0, '2017-06-17 21:50:53'),
	(71, 3, 5, NULL, NULL, 1, 35.685732, 139.689006, '133002112301230323', 0, '2017-06-17 21:50:53'),
	(72, 4, 3, NULL, NULL, 3, 35.685742, 139.688497, '133002112301232101', 0, '2017-06-17 21:50:53'),
	(73, 1, 11, NULL, NULL, 0, 35.687309, 139.689983, '133002112301230303', 0, '2017-06-17 21:50:53'),
	(74, 5, 8, NULL, NULL, 2, 35.686734, 139.68819, '133002112301230330', 0, '2017-06-17 21:50:53'),
	(75, 3, 1, NULL, NULL, 1, 35.685732, 139.689006, '133002112301230333', 0, '2017-06-17 21:50:53'),
	(76, 6, 10, NULL, NULL, 3, 35.689634, 139.692101, '133002112301231022', 0, '2017-06-17 21:50:53'),
	(77, 1, 4, 3, NULL, 0, 35.687309, 139.689983, '133002112301230303', 0, '2017-06-17 21:50:53'),
	(78, 2, 8, 2, NULL, 1, 35.686451, 139.688969, '133002112301230303', 0, '2017-06-17 21:50:53'),
	(79, 1, 5, NULL, 'This is a review.', 0, 35.687309, 139.689983, '133002112301230303', 0, '2017-06-17 21:50:53'),
	(80, 2, 5, 2, NULL, 1, 35.686451, 139.688969, '133002112301230321', 0, '2017-06-17 21:50:53'),
	(81, 2, 9, 3, 'これはレビューです。これはレビューです。これはレビューです。これはレビューです。これはレビューです。', 1, 35.686451, 139.688969, '133002112301230321', 0, '2017-06-17 21:50:53'),
	(82, 4, 7, NULL, 'This is a review.', 3, 35.685742, 139.688497, '133002112301230330', 0, '2017-06-17 21:50:53'),
	(83, 4, 7, 2, NULL, 3, 35.685742, 139.688497, '133002112301230332', 0, '2017-06-17 21:50:53'),
	(84, 6, 9, NULL, NULL, 3, 35.689634, 139.692101, '133002112301231200', 0, '2017-06-17 21:50:54'),
	(85, 1, 6, 2, NULL, 0, 35.687309, 139.689983, '133002112301230312', 0, '2017-06-17 21:50:54'),
	(86, 6, 7, NULL, NULL, 4, 35.689634, 139.692101, '133002112301231201', 0, '2017-06-17 21:50:54'),
	(87, 2, 6, 2, NULL, 1, 35.686451, 139.688969, '133002112301230321', 0, '2017-06-17 21:50:54'),
	(88, 3, 2, NULL, NULL, 4, 35.685732, 139.689006, '133002112301230302', 0, '2017-06-17 21:50:54'),
	(89, 4, 8, 2, NULL, 3, 35.685742, 139.688497, '133002112301230330', 0, '2017-06-17 21:50:54'),
	(90, 1, 3, 5, NULL, 0, 35.687309, 139.689983, '133002112301230333', 0, '2017-06-17 21:50:54'),
	(91, 1, 9, 3, NULL, 0, 35.687309, 139.689983, '133002112301230331', 0, '2017-06-17 21:50:54'),
	(92, 5, 10, 2, NULL, 0, 35.686734, 139.68819, '133002112301230321', 0, '2017-06-17 21:50:54'),
	(93, 6, 12, NULL, NULL, 4, 35.689634, 139.692101, '133002112301231200', 0, '2017-06-17 21:50:54'),
	(94, 5, 6, NULL, NULL, 2, 35.686734, 139.68819, '133002112301230312', 0, '2017-06-17 21:50:54'),
	(95, 6, 6, 1, NULL, 4, 35.689634, 139.692101, '133002112301231022', 0, '2017-06-17 21:50:54'),
	(96, 5, 10, 2, NULL, 4, 35.686734, 139.68819, '133002112301230321', 0, '2017-06-17 21:50:54'),
	(97, 5, 3, NULL, NULL, 4, 35.686734, 139.68819, '133002112301230332', 0, '2017-06-17 21:50:54'),
	(98, 3, 7, 4, NULL, 1, 35.685732, 139.689006, '133002112301230331', 0, '2017-06-17 21:50:54'),
	(99, 4, 4, NULL, NULL, 3, 35.685742, 139.688497, '133002112301230332', 0, '2017-06-17 21:50:54'),
	(100, 1, 11, 3, NULL, 0, 35.687309, 139.689983, '133002112301230311', 0, '2017-06-17 21:50:54'),
	(101, 3, 9, 3, NULL, 0, 35.685732, 139.689006, '133002112301230331', 0, '2017-06-17 21:50:54'),
	(102, 3, 9, NULL, NULL, 1, 35.685732, 139.689006, '133002112301230321', 0, '2017-06-17 21:50:54'),
	(103, 5, 3, NULL, NULL, 0, 35.686734, 139.68819, '133002112301230320', 0, '2017-06-17 21:50:54'),
	(104, 1, 4, NULL, NULL, 0, 35.687309, 139.689983, '133002112301230312', 0, '2017-06-17 21:50:54'),
	(105, 4, 11, 3, 'This is a review.', 3, 35.685742, 139.688497, '133002112301230320', 0, '2017-06-17 21:50:54'),
	(106, 3, 10, 2, NULL, 4, 35.685732, 139.689006, '133002112301230332', 0, '2017-06-17 21:50:54'),
	(107, 1, 7, 3, NULL, 0, 35.687309, 139.689983, '133002112301230312', 0, '2017-06-17 21:50:54'),
	(108, 1, 1, 3, NULL, 0, 35.687309, 139.689983, '133002112301230312', 0, '2017-06-17 21:50:54'),
	(109, 2, 10, NULL, NULL, 1, 35.686451, 139.688969, '133002112301230313', 0, '2017-06-17 21:50:54'),
	(110, 6, 2, 2, NULL, 4, 35.689634, 139.692101, '133002112301231200', 0, '2017-06-17 21:50:54'),
	(111, 6, 4, NULL, 'This is a review.', 3, 35.689634, 139.692101, '133002112301231020', 0, '2017-06-17 21:50:54'),
	(112, 5, 10, 2, NULL, 3, 35.686734, 139.68819, '133002112301230323', 0, '2017-06-17 21:50:54'),
	(113, 3, 1, 2, NULL, 1, 35.685732, 139.689006, '133002112301230322', 0, '2017-06-17 21:50:54'),
	(114, 4, 1, 2, NULL, 3, 35.685742, 139.688497, '133002112301230331', 0, '2017-06-17 21:50:54'),
	(115, 5, 4, 3, NULL, 4, 35.686734, 139.68819, '133002112301230303', 0, '2017-06-17 21:50:54'),
	(116, 2, 8, 3, NULL, 1, 35.686451, 139.688969, '133002112301230320', 0, '2017-06-17 21:50:54'),
	(117, 5, 8, 3, NULL, 3, 35.686734, 139.68819, '133002112301230310', 0, '2017-06-17 21:50:54'),
	(118, 5, 2, NULL, NULL, 0, 35.686734, 139.68819, '133002112301230323', 0, '2017-06-17 21:50:54'),
	(119, 6, 7, 4, NULL, 4, 35.689634, 139.692101, '133002112301231200', 0, '2017-06-17 21:50:54'),
	(120, 2, 7, NULL, 'This is a review.', 1, 35.686451, 139.688969, '133002112301230303', 0, '2017-06-17 21:50:54'),
	(121, 4, 5, 1, NULL, 3, 35.685742, 139.688497, '133002112301230332', 0, '2017-06-17 21:50:54'),
	(122, 4, 9, 3, NULL, 3, 35.685742, 139.688497, '133002112301230323', 0, '2017-06-17 21:50:54'),
	(123, 1, 6, 3, NULL, 0, 35.687309, 139.689983, '133002112301230313', 0, '2017-06-17 21:50:54'),
	(124, 6, 3, NULL, NULL, 3, 35.689634, 139.692101, '133002112301231200', 0, '2017-06-17 21:50:55'),
	(125, 2, 3, 2, NULL, 1, 35.686451, 139.688969, '133002112301230313', 0, '2017-06-17 21:50:55'),
	(126, 1, 8, 3, NULL, 0, 35.687309, 139.689983, '133002112301230331', 0, '2017-06-17 21:50:55'),
	(127, 1, 6, 2, NULL, 0, 35.687309, 139.689983, '133002112301230331', 0, '2017-06-17 21:50:55'),
	(128, 2, 10, 2, 'これはレビューです。これはレビューです。これはレビューです。これはレビューです。これはレビューです。', 1, 35.686451, 139.688969, '133002112301230331', 0, '2017-06-17 21:50:55'),
	(129, 2, 10, 4, NULL, 1, 35.686451, 139.688969, '133002112301230303', 0, '2017-06-17 21:50:55'),
	(130, 4, 7, 2, 'この店はまあまあです。', 3, 35.685742, 139.688497, '133002112301230323', 0, '2017-06-17 21:50:55'),
	(131, 3, 11, NULL, 'この店はまあまあです。', 4, 35.685732, 139.689006, '133002112301230321', 0, '2017-06-17 21:50:55'),
	(132, 1, 1, NULL, NULL, 0, 35.687309, 139.689983, '133002112301230330', 0, '2017-06-17 21:50:55'),
	(133, 2, 11, 3, NULL, 1, 35.686451, 139.688969, '133002112301230332', 0, '2017-06-17 21:50:55'),
	(134, 1, 9, NULL, NULL, 0, 35.687309, 139.689983, '133002112301230313', 0, '2017-06-17 21:50:55'),
	(135, 3, 7, 2, NULL, 4, 35.685732, 139.689006, '133002112301230332', 0, '2017-06-17 21:50:55'),
	(136, 4, 10, 2, NULL, 3, 35.685742, 139.688497, '133002112301230321', 0, '2017-06-17 21:50:55'),
	(137, 4, 12, NULL, NULL, 3, 35.685742, 139.688497, '133002112301230332', 0, '2017-06-17 21:50:55'),
	(138, 5, 7, 2, 'This is a review.', 0, 35.686734, 139.68819, '133002112301230321', 0, '2017-06-17 21:50:55'),
	(139, 4, 10, 3, NULL, 3, 35.685742, 139.688497, '133002112301230323', 0, '2017-06-17 21:50:55'),
	(140, 6, 8, 2, NULL, 3, 35.689634, 139.692101, '133002112301231023', 0, '2017-06-17 21:50:55'),
	(141, 2, 9, 3, NULL, 1, 35.686451, 139.688969, '133002112301230321', 0, '2017-06-17 21:50:55'),
	(142, 1, 11, 3, NULL, 0, 35.687309, 139.689983, '133002112301230313', 0, '2017-06-17 21:50:55'),
	(143, 6, 3, 2, 'これはレビューです。これはレビューです。これはレビューです。これはレビューです。これはレビューです。', 3, 35.689634, 139.692101, '133002112301231200', 0, '2017-06-17 21:50:55'),
	(144, 1, 8, 3, NULL, 0, 35.687309, 139.689983, '133002112301230331', 0, '2017-06-17 21:50:55'),
	(145, 5, 5, NULL, NULL, 2, 35.686734, 139.68819, '133002112301230302', 0, '2017-06-17 21:50:55'),
	(146, 1, 10, 2, NULL, 0, 35.687309, 139.689983, '133002112301230331', 0, '2017-06-17 21:50:55'),
	(147, 2, 1, 2, NULL, 1, 35.686451, 139.688969, '133002112301230312', 0, '2017-06-17 21:50:55'),
	(148, 4, 8, 2, NULL, 3, 35.685742, 139.688497, '133002112301230231', 0, '2017-06-17 21:50:55'),
	(149, 6, 6, 3, NULL, 3, 35.689634, 139.692101, '133002112301230311', 0, '2017-06-17 21:50:55'),
	(150, 3, 9, 2, NULL, 4, 35.685732, 139.689006, '133002112301230331', 0, '2017-06-17 21:50:55'),
	(151, 2, 5, NULL, NULL, 1, 35.686451, 139.688969, '133002112301230313', 0, '2017-06-17 21:50:55'),
	(152, 2, 2, NULL, NULL, 1, 35.686451, 139.688969, '133002112301230330', 0, '2017-06-17 21:50:55'),
	(153, 5, 3, 2, 'これはレビューです。これはレビューです。これはレビューです。これはレビューです。これはレビューです。', 0, 35.686734, 139.68819, '133002112301230330', 0, '2017-06-17 21:50:55'),
	(154, 2, 12, 3, NULL, 1, 35.686451, 139.688969, '133002112301230330', 0, '2017-06-17 21:50:55'),
	(155, 1, 12, NULL, NULL, 0, 35.687309, 139.689983, '133002112301230310', 0, '2017-06-17 21:50:55'),
	(156, 1, 1, NULL, NULL, 0, 35.687309, 139.689983, '133002112301230331', 0, '2017-06-17 21:50:55'),
	(157, 4, 10, 2, NULL, 3, 35.685742, 139.688497, '133002112301232110', 0, '2017-06-17 21:50:55'),
	(158, 2, 5, 2, NULL, 1, 35.686451, 139.688969, '133002112301230331', 0, '2017-06-17 21:50:55'),
	(159, 4, 8, NULL, NULL, 3, 35.685742, 139.688497, '133002112301232110', 0, '2017-06-17 21:50:55'),
	(160, 3, 4, NULL, NULL, 1, 35.685732, 139.689006, '133002112301230332', 0, '2017-06-17 21:50:55'),
	(161, 6, 6, 3, 'これはレビューです。これはレビューです。これはレビューです。これはレビューです。これはレビューです。', 4, 35.689634, 139.692101, '133002112301230132', 0, '2017-06-17 21:50:55'),
	(162, 5, 10, NULL, NULL, 2, 35.686734, 139.68819, '133002112301230321', 0, '2017-06-17 21:50:55'),
	(163, 3, 1, 3, NULL, 0, 35.685732, 139.689006, '133002112301230333', 0, '2017-06-17 21:50:55'),
	(164, 6, 7, 3, NULL, 4, 35.689634, 139.692101, '133002112301231020', 0, '2017-06-17 21:50:55'),
	(165, 4, 9, NULL, NULL, 3, 35.685742, 139.688497, '133002112301230302', 0, '2017-06-17 21:50:56'),
	(166, 3, 9, 3, NULL, 1, 35.685732, 139.689006, '133002112301230332', 0, '2017-06-17 21:50:56'),
	(167, 6, 3, 2, NULL, 4, 35.689634, 139.692101, '133002112301231022', 0, '2017-06-17 21:50:56'),
	(168, 2, 6, 2, NULL, 1, 35.686451, 139.688969, '133002112301230303', 0, '2017-06-17 21:50:56'),
	(169, 3, 7, NULL, NULL, 1, 35.685732, 139.689006, '133002112301230332', 0, '2017-06-17 21:50:56'),
	(170, 1, 5, NULL, NULL, 0, 35.687309, 139.689983, '133002112301230330', 0, '2017-06-17 21:50:56'),
	(171, 3, 3, NULL, NULL, 1, 35.685732, 139.689006, '133002112301230332', 0, '2017-06-17 21:50:56'),
	(172, 2, 10, NULL, 'This is a review.', 1, 35.686451, 139.688969, '133002112301230331', 0, '2017-06-17 21:50:56'),
	(173, 2, 1, 3, 'This is a review.', 1, 35.686451, 139.688969, '133002112301230312', 0, '2017-06-17 21:50:56'),
	(174, 3, 11, 2, NULL, 0, 35.685732, 139.689006, '133002112301230321', 0, '2017-06-17 21:50:56'),
	(175, 3, 9, 2, NULL, 4, 35.685732, 139.689006, '133002112301230333', 0, '2017-06-17 21:50:56'),
	(176, 5, 4, NULL, NULL, 1, 35.686734, 139.68819, '133002112301230323', 0, '2017-06-17 21:50:56'),
	(177, 1, 12, NULL, NULL, 0, 35.687309, 139.689983, '133002112301230330', 0, '2017-06-17 21:50:56'),
	(178, 3, 1, NULL, NULL, 1, 35.685732, 139.689006, '133002112301230323', 0, '2017-06-17 21:50:56'),
	(179, 3, 7, NULL, 'This is a review.', 0, 35.685732, 139.689006, '133002112301230330', 0, '2017-06-17 21:50:56'),
	(180, 5, 2, NULL, NULL, 4, 35.686734, 139.68819, '133002112301230300', 0, '2017-06-17 21:50:56'),
	(181, 1, 7, 1, NULL, 0, 35.687309, 139.689983, '133002112301230313', 0, '2017-06-17 21:50:56'),
	(182, 4, 11, NULL, 'この店は普通です。', 3, 35.685742, 139.688497, '133002112301230333', 0, '2017-06-17 21:50:56'),
	(183, 4, 5, 2, NULL, 3, 35.685742, 139.688497, '133002112301230323', 0, '2017-06-17 21:50:56'),
	(184, 1, 1, 4, NULL, 0, 35.687309, 139.689983, '133002112301230312', 0, '2017-06-17 21:50:56'),
	(185, 1, 2, 2, 'この店は普通です。', 0, 35.687309, 139.689983, '133002112301230331', 0, '2017-06-17 21:50:56'),
	(186, 3, 1, 2, NULL, 0, 35.685732, 139.689006, '133002112301230322', 0, '2017-06-17 21:50:56'),
	(187, 4, 3, 3, NULL, 3, 35.685742, 139.688497, '133002112301230320', 0, '2017-06-17 21:50:56'),
	(188, 6, 7, 3, NULL, 3, 35.689634, 139.692101, '133002112301231022', 0, '2017-06-17 21:50:56'),
	(189, 5, 9, 3, NULL, 4, 35.686734, 139.68819, '133002112301230330', 0, '2017-06-17 21:50:56'),
	(190, 6, 1, NULL, NULL, 4, 35.689634, 139.692101, '133002112301231023', 0, '2017-06-17 21:50:56'),
	(191, 4, 7, NULL, NULL, 3, 35.685742, 139.688497, '133002112301230322', 0, '2017-06-17 21:50:56'),
	(192, 5, 2, 3, NULL, 1, 35.686734, 139.68819, '133002112301230312', 0, '2017-06-17 21:50:56'),
	(193, 3, 10, NULL, NULL, 4, 35.685732, 139.689006, '133002112301230332', 0, '2017-06-17 21:50:56'),
	(194, 4, 4, 2, NULL, 3, 35.685742, 139.688497, '133002112301230333', 0, '2017-06-17 21:50:56'),
	(195, 6, 6, 3, NULL, 3, 35.689634, 139.692101, '133002112301231023', 0, '2017-06-17 21:50:56'),
	(196, 6, 10, 2, NULL, 3, 35.689634, 139.692101, '133002112301231023', 0, '2017-06-17 21:50:56'),
	(197, 6, 1, NULL, NULL, 3, 35.689634, 139.692101, '133002112301231022', 0, '2017-06-17 21:50:56'),
	(198, 6, 6, 4, NULL, 4, 35.689634, 139.692101, '133002112301231023', 0, '2017-06-17 21:50:56'),
	(199, 2, 2, 3, NULL, 1, 35.686451, 139.688969, '133002112301230321', 0, '2017-06-17 21:50:56'),
	(200, 6, 7, NULL, NULL, 4, 35.689634, 139.692101, '133002112301231200', 0, '2017-06-17 21:50:56');

INSERT INTO likes (review_id, user_id, liked_at)
VALUES
	(1, 1, NULL),
	(1, 2, NULL),
	(1, 4, NULL),
	(1, 5, NULL),
	(1, 6, NULL),
	(1, 7, NULL),
	(1, 8, NULL),
	(1, 9, NULL),
	(1, 10, NULL),
	(1, 11, NULL),
	(2, 1, NULL),
	(2, 2, NULL),
	(2, 4, NULL),
	(2, 5, NULL),
	(2, 6, NULL),
	(2, 7, NULL),
	(2, 8, NULL),
	(2, 9, NULL),
	(2, 10, NULL),
	(2, 11, NULL),
	(3, 2, NULL),
	(3, 3, NULL),
	(3, 5, NULL),
	(3, 6, NULL),
	(3, 9, NULL),
	(3, 11, NULL),
	(4, 1, NULL),
	(4, 3, NULL),
	(4, 4, NULL),
	(4, 7, NULL),
	(4, 8, NULL),
	(4, 9, NULL),
	(4, 11, NULL),
	(5, 3, NULL),
	(5, 5, NULL),
	(5, 6, NULL),
	(5, 8, NULL),
	(5, 10, NULL),
	(6, 2, NULL),
	(6, 3, NULL),
	(6, 4, NULL),
	(6, 7, NULL),
	(6, 10, NULL),
	(6, 11, NULL),
	(7, 1, NULL),
	(7, 4, NULL),
	(7, 5, NULL),
	(7, 7, NULL),
	(7, 9, NULL),
	(7, 10, NULL),
	(8, 1, NULL),
	(8, 2, NULL),
	(8, 3, NULL),
	(8, 5, NULL),
	(8, 9, NULL),
	(8, 11, NULL),
	(9, 1, NULL),
	(9, 2, NULL),
	(9, 3, NULL),
	(9, 5, NULL),
	(9, 6, NULL),
	(9, 8, NULL),
	(9, 10, NULL),
	(9, 11, NULL),
	(10, 1, NULL),
	(10, 2, NULL),
	(10, 3, NULL),
	(10, 5, NULL),
	(10, 6, NULL),
	(10, 8, NULL),
	(10, 9, NULL),
	(10, 10, NULL),
	(28, 5, NULL),
	(50, 3, NULL),
	(85, 8, NULL),
	(115, 5, NULL),
	(117, 4, NULL),
	(123, 1, NULL),
	(127, 5, NULL),
	(130, 2, NULL),
	(144, 1, NULL),
	(153, 6, NULL),
	(176, 1, NULL),
	(176, 10, NULL),
	(188, 5, NULL);

COMMIT;
