BEGIN;

INSERT INTO user (user_id)
VALUES (1), (2), (3), (4), (5), (6), (7), (8), (9), (10), (11), (12);

INSERT INTO authentication (user_id, email, password, token)
VALUES
	(1, 'hoge@example.com', '$2y$10$ulqpqhnysOSiV1CiFlFMXeSC2vl4YzT7wNUtUAYmPF/GqGxuZSyAm', 'abcdef123456789'),
	(2, 'hoge+1@example.com', '$2y$10$ulqpqhnysOSiV1CiFlFMXeSC2vl4YzT7wNUtUAYmPF/GqGxuZSyAm',
	 '01ba4719c80b6fe911b091a7c05124b64eeece964e09c058ef8f9805daca546b'),
	(3, 'hoge+2@example.com', '$2y$10$ulqpqhnysOSiV1CiFlFMXeSC2vl4YzT7wNUtUAYmPF/GqGxuZSyAm',
	 'bbc9d7c7640f72a3243de927fecfa76b396fe0f9e75ba1ad5ba28cc8c6e1446c'),
	(4, 'hoge+3@example.com', '$2y$10$ulqpqhnysOSiV1CiFlFMXeSC2vl4YzT7wNUtUAYmPF/GqGxuZSyAm',
	 '2e0390eb024a52963db7b95e84a9c2b12c004054a7bad9a97ec0c7c89d4681d2'),
	(5, 'hoge+4@example.com', '$2y$10$ulqpqhnysOSiV1CiFlFMXeSC2vl4YzT7wNUtUAYmPF/GqGxuZSyAm',
	 'e712aff3705ac314b9a890e0ec208faa20054eee514d86ab913d768f94e01279'),
	(6, 'hoge+5@example.com', '$2y$10$ulqpqhnysOSiV1CiFlFMXeSC2vl4YzT7wNUtUAYmPF/GqGxuZSyAm',
	 'e712aff3705ac314b9a890e0ec208faa20054eee514d86ab913d768f94e01278'),
	(7, 'hoge+6@example.com', '$2y$10$ulqpqhnysOSiV1CiFlFMXeSC2vl4YzT7wNUtUAYmPF/GqGxuZSyAm',
	 'e712aff3705ac314b9a890e0ec208faa20054eee514d86ab913d768f94e01280'),
	(8, 'hoge+7@example.com', '$2y$10$ulqpqhnysOSiV1CiFlFMXeSC2vl4YzT7wNUtUAYmPF/GqGxuZSyAm',
	 'e712aff3705ac314b9a890e0ec208faa20054eee514d86ab913d768f94e01289'),
	(9, 'hoge+8@example.com', '$2y$10$ulqpqhnysOSiV1CiFlFMXeSC2vl4YzT7wNUtUAYmPF/GqGxuZSyAm',
	 'e712aff3705ac314b9a890e0ec208faa20054eee514d86ab913d768f94e01379'),
	(10, 'hoge+9@example.com', '$2y$10$ulqpqhnysOSiV1CiFlFMXeSC2vl4YzT7wNUtUAYmPF/GqGxuZSyAm',
	 'e712aff3705ac314b9a890e0ec208faa20054eee514d86ab913d768f94e01179'),
	(11, 'hoge+10@example.com', '$2y$10$ulqpqhnysOSiV1CiFlFMXeSC2vl4YzT7wNUtUAYmPF/GqGxuZSyAm',
	 'e712aff3705ac314b9a890e0ec208faa20054eee514d86ab913d768f94e01479'),
	(12, 'hoge+11@example.com', '$2y$10$ulqpqhnysOSiV1CiFlFMXeSC2vl4YzT7wNUtUAYmPF/GqGxuZSyAm',
	 'e712aff3705ac314b9a890e0ec208faa20054eee514d86ab913d768f94e01579');

INSERT INTO shop (shop_id, name, open_time, close_time, address, latitude, longitude, geom_hash)
VALUES
	(1, 'おいしいケーキ デ・リ・シャス', '10:00:00', '20:00:00', '東京都新宿区西新宿2-10-1', 35.687309, 139.689983, '133002112301230313'),
	(2, 'mystery of crepe', NULL, NULL, '東京都新宿区西新宿4-33-4', 35.686451, 139.688969, '133002112301230312'),
	(3, 'Liebesknochen', '11:00:00', '13:30:00', '東京都新宿区西新宿3-11-20', 35.685732, 139.689006, '133002112301230330'),
	(4, '和菓子総本家', '08:00:00', '18:00:00', '東京都新宿区西新宿4-34-10', 35.685742, 139.688497, '133002112301230330'),
	(5, 'スイーツパラリシス', '09:00:00', '24:00:00', '東京都新宿区西新宿4-34-26', 35.686734, 139.68819, '133002112301230303'),
	(6, '百合華 東京都庁店', NULL, NULL, '東京都新宿区西新宿2-8-1', 35.689634, 139.692101, '133002112301231022');

INSERT INTO review (review_id, shop_id, user_id, rating, review_text, sweet_type, latitude, longitude, geom_hash, `like`, `reviewed_at`)
VALUES
	(1, 2, 1, NULL, NULL, 1, 35.685399762536, 139.68695378544, '133002112301230320', 10, '2017-06-18 01:17:21'),
	(2, 1, 6, 3, NULL, 0, 35.688836202536, 139.68779157593, '133002112301230123', 11, '2017-06-18 01:17:21'),
	(3, 6, 6, 2, NULL, 4, 35.683848679617, 139.68760603442, '133002112301232101', 9, '2017-06-18 01:17:21'),
	(4, 6, 8, 3, NULL, 4, 35.686030853153, 139.69317741354, '133002112301231221', 8, '2017-06-18 01:17:21'),
	(5, 1, 2, 2, NULL, 0, 35.680531658065, 139.687378053, '133002112301232123', 9, '2017-06-18 01:17:21'),
	(6, 5, 8, NULL, NULL, 2, 35.685821135744, 139.6935966443, '133002112301231221', 8, '2017-06-18 01:17:21'),
	(7, 4, 12, 2, NULL, 3, 35.688515181189, 139.67982303163, '133002112301221311', 7, '2017-06-18 01:17:21'),
	(8, 4, 2, 3, NULL, 3, 35.684118803209, 139.69001051598, '133002112301230333', 6, '2017-06-18 01:17:21'),
	(9, 3, 3, NULL, NULL, 0, 35.682299702565, 139.68831406172, '133002112301232103', 7, '2017-06-18 01:17:21'),
	(10, 1, 2, 2, 'This is a review.', 0, 35.693168322228, 139.68601202189, '133002112301212322', 7, '2017-06-18 01:17:21'),
	(11, 6, 10, 2, 'これはレビューです。これはレビューです。これはレビューです。これはレビューです。これはレビューです。', 3, 35.684582413328, 139.68969082473, '133002112301230332', 3, '2017-06-18 01:17:21'),
	(12, 2, 11, NULL, NULL, 1, 35.681721465003, 139.68835828674, '133002112301232121', 7, '2017-06-18 01:17:21'),
	(13, 4, 3, 4, NULL, 3, 35.680124073338, 139.68472966881, '133002112301232033', 4, '2017-06-18 01:17:21'),
	(14, 2, 3, NULL, NULL, 1, 35.683644275451, 139.69045623223, '133002112301232111', 4, '2017-06-18 01:17:21'),
	(15, 3, 11, 3, NULL, 4, 35.683361458871, 139.69600852829, '133002112301233011', 2, '2017-06-18 01:17:21'),
	(16, 1, 4, 1, NULL, 0, 35.689444542787, 139.69498298521, '133002112301231032', 5, '2017-06-18 01:17:21'),
	(17, 4, 1, 3, NULL, 3, 35.679422774688, 139.69018567121, '133002112301232311', 4, '2017-06-18 01:17:21'),
	(18, 4, 10, 3, NULL, 3, 35.686009777031, 139.69512308332, '133002112301231230', 2, '2017-06-18 01:17:21'),
	(19, 3, 10, 2, 'この店はまあまあです。', 0, 35.685211019134, 139.6975710775, '133002112301231320', 7, '2017-06-18 01:17:21'),
	(20, 1, 2, 3, NULL, 0, 35.685745459268, 139.68829431837, '133002112301230321', 4, '2017-06-18 01:17:21'),
	(21, 4, 10, NULL, NULL, 3, 35.681416224078, 139.68944548758, '133002112301232130', 6, '2017-06-18 01:17:21'),
	(22, 5, 3, NULL, NULL, 4, 35.681475368034, 139.69173523235, '133002112301233020', 8, '2017-06-18 01:17:21'),
	(23, 1, 11, 2, NULL, 0, 35.686234628018, 139.69550688365, '133002112301231231', 3, '2017-06-18 01:17:21'),
	(24, 1, 10, 4, NULL, 0, 35.688253480271, 139.68607709246, '133002112301230300', 5, '2017-06-18 01:17:21'),
	(25, 2, 8, 3, NULL, 1, 35.68613500221, 139.68167345593, '133002112301230221', 4, '2017-06-18 01:17:21'),
	(26, 1, 12, NULL, NULL, 0, 35.684053717824, 139.68890701716, '133002112301232110', 3, '2017-06-18 01:17:21'),
	(27, 1, 8, 3, NULL, 0, 35.686456278429, 139.68314649822, '133002112301230212', 4, '2017-06-18 01:17:21'),
	(28, 2, 10, 2, 'これはレビューです。これはレビューです。これはレビューです。これはレビューです。これはレビューです。', 1, 35.683911174411, 139.68263258141, '133002112301232001', 5, '2017-06-18 01:17:21'),
	(29, 4, 2, 3, NULL, 3, 35.680914341949, 139.69590256234, '133002112301233031', 6, '2017-06-18 01:17:22'),
	(30, 6, 5, 2, NULL, 4, 35.686002473728, 139.69230584479, '133002112301231220', 4, '2017-06-18 01:17:22'),
	(31, 3, 8, NULL, NULL, 1, 35.682781809541, 139.68704179504, '133002112301232103', 5, '2017-06-18 01:17:22'),
	(32, 4, 9, 3, NULL, 3, 35.681604846353, 139.68850188184, '133002112301232130', 4, '2017-06-18 01:17:22'),
	(33, 2, 9, 2, NULL, 1, 35.682872496123, 139.68707821247, '133002112301232103', 7, '2017-06-18 01:17:22'),
	(34, 5, 10, 4, NULL, 0, 35.688199992066, 139.69354341279, '133002112301231201', 7, '2017-06-18 01:17:22'),
	(35, 5, 6, 4, NULL, 4, 35.685205193347, 139.68529322803, '133002112301230231', 5, '2017-06-18 01:17:22'),
	(36, 4, 12, NULL, NULL, 3, 35.681880474697, 139.68524989365, '133002112301232013', 5, '2017-06-18 01:17:22'),
	(37, 6, 2, NULL, NULL, 3, 35.687229019731, 139.69639238979, '133002112301231213', 6, '2017-06-18 01:17:22'),
	(38, 4, 7, 3, NULL, 3, 35.686598532366, 139.68460267344, '133002112301230213', 5, '2017-06-18 01:17:22'),
	(39, 1, 1, 3, NULL, 0, 35.690654685486, 139.69031518975, '133002112301230131', 6, '2017-06-18 01:17:22'),
	(40, 1, 6, NULL, NULL, 0, 35.682096442932, 139.69337763681, '133002112301233003', 7, '2017-06-18 01:17:22'),
	(41, 2, 7, 3, NULL, 1, 35.681181492545, 139.68389784853, '133002112301232030', 2, '2017-06-18 01:17:22'),
	(42, 2, 10, NULL, NULL, 1, 35.683505980106, 139.68889099766, '133002112301232110', 1, '2017-06-18 01:17:22'),
	(43, 6, 8, 2, NULL, 4, 35.684147376376, 139.69722819798, '133002112301231322', 2, '2017-06-18 01:17:22'),
	(44, 4, 6, NULL, NULL, 3, 35.680336593454, 139.6870431754, '133002112301232123', 1, '2017-06-18 01:17:22'),
	(45, 2, 8, 3, NULL, 1, 35.685527809325, 139.69539253706, '133002112301231231', 1, '2017-06-18 01:17:22'),
	(46, 5, 9, NULL, NULL, 4, 35.682561076636, 139.68744058372, '133002112301232103', 2, '2017-06-18 01:17:22'),
	(47, 3, 4, 3, NULL, 4, 35.685420793133, 139.68772403404, '133002112301230321', 1, '2017-06-18 01:17:22'),
	(48, 6, 1, NULL, 'これはレビューです。これはレビューです。これはレビューです。これはレビューです。これはレビューです。', 4, 35.687778855838, 139.68948525069, '133002112301230310', 0, '2017-06-18 01:17:22'),
	(49, 5, 9, NULL, NULL, 4, 35.684538154714, 139.68151148945, '133002112301230222', 2, '2017-06-18 01:17:22'),
	(50, 6, 11, 3, NULL, 3, 35.686194841375, 139.69053958342, '133002112301230331', 1, '2017-06-18 01:17:22'),
	(51, 1, 7, 3, NULL, 0, 35.68556427213, 139.69162581451, '133002112301231220', 3, '2017-06-18 01:17:22'),
	(52, 4, 12, 4, NULL, 3, 35.682002006267, 139.69223771856, '133002112301233002', 2, '2017-06-18 01:17:22'),
	(53, 3, 4, 2, NULL, 0, 35.683296993615, 139.68835669326, '133002112301232101', 0, '2017-06-18 01:17:22'),
	(54, 4, 9, 2, NULL, 3, 35.67911230643, 139.68573625787, '133002112301232300', 2, '2017-06-18 01:17:22'),
	(55, 1, 6, 2, NULL, 0, 35.684559928024, 139.68856323547, '133002112301230332', 1, '2017-06-18 01:17:22'),
	(56, 4, 3, 2, 'This is a review.', 3, 35.684073370028, 139.69141884998, '133002112301233000', 0, '2017-06-18 01:17:22'),
	(57, 6, 1, 2, NULL, 4, 35.688875847277, 139.69127674547, '133002112301231022', 1, '2017-06-18 01:17:22'),
	(58, 6, 11, 3, 'これはレビューです。これはレビューです。これはレビューです。これはレビューです。これはレビューです。', 3, 35.684076207873, 139.69301248427, '133002112301231223', 0, '2017-06-18 01:17:22'),
	(59, 2, 11, NULL, NULL, 1, 35.684478464878, 139.69119479586, '133002112301231222', 1, '2017-06-18 01:17:22'),
	(60, 4, 11, NULL, NULL, 3, 35.678002618774, 139.69057937474, '133002112301232313', 0, '2017-06-18 01:17:22'),
	(61, 6, 2, 3, 'この店は普通です。', 4, 35.686417658988, 139.69872285904, '133002112301231303', 2, '2017-06-18 01:17:22'),
	(62, 2, 10, 3, NULL, 1, 35.684394833673, 139.69068616229, '133002112301230333', 0, '2017-06-18 01:17:22'),
	(63, 2, 9, NULL, NULL, 1, 35.688211105483, 139.68015749686, '133002112301221311', 2, '2017-06-18 01:17:22'),
	(64, 2, 10, 2, NULL, 1, 35.684805134242, 139.68874815612, '133002112301230332', 0, '2017-06-18 01:17:22'),
	(65, 2, 12, 2, NULL, 1, 35.682655196222, 139.68193058038, '133002112301232003', 1, '2017-06-18 01:17:22'),
	(66, 4, 12, NULL, NULL, 3, 35.682594744691, 139.68606316566, '133002112301232102', 0, '2017-06-18 01:17:22'),
	(67, 1, 5, 3, 'これはレビューです。これはレビューです。これはレビューです。これはレビューです。これはレビューです。', 0, 35.686487228329, 139.68739939643, '133002112301230303', 3, '2017-06-18 01:17:22'),
	(68, 5, 12, 2, 'これはレビューです。これはレビューです。これはレビューです。これはレビューです。これはレビューです。', 2, 35.681604526114, 139.69016428707, '133002112301232131', 1, '2017-06-18 01:17:22'),
	(69, 1, 10, NULL, NULL, 0, 35.683801581777, 139.69241138409, '133002112301233000', 3, '2017-06-18 01:17:22'),
	(70, 6, 3, NULL, 'この店はまあまあです。', 3, 35.688428620469, 139.69167384474, '133002112301231200', 3, '2017-06-18 01:17:22'),
	(71, 6, 1, 3, NULL, 4, 35.686041707304, 139.69064854236, '133002112301230331', 0, '2017-06-18 01:17:22'),
	(72, 5, 3, 2, NULL, 3, 35.681422417602, 139.68384676536, '133002112301232030', 1, '2017-06-18 01:17:22'),
	(73, 4, 8, 2, NULL, 3, 35.6826776109, 139.69107125916, '133002112301232113', 0, '2017-06-18 01:17:23'),
	(74, 2, 7, 3, NULL, 1, 35.681151780168, 139.68634919827, '133002112301232120', 0, '2017-06-18 01:17:23'),
	(75, 6, 8, 1, NULL, 3, 35.686988795894, 139.6882043361, '133002112301230303', 2, '2017-06-18 01:17:23'),
	(76, 3, 1, NULL, NULL, 4, 35.681789375873, 139.68924060792, '133002112301232130', 1, '2017-06-18 01:17:23'),
	(77, 3, 9, 4, 'この店は普通です。', 4, 35.684769049796, 139.69674216322, '133002112301231322', 1, '2017-06-18 01:17:23'),
	(78, 1, 4, 2, NULL, 0, 35.684571288747, 139.69507962582, '133002112301231232', 1, '2017-06-18 01:17:23'),
	(79, 6, 4, 1, NULL, 3, 35.686971747623, 139.69478783795, '133002112301231212', 0, '2017-06-18 01:17:23'),
	(80, 4, 9, 2, NULL, 3, 35.679905496843, 139.69077874246, '133002112301232133', 0, '2017-06-18 01:17:23'),
	(81, 2, 3, 3, NULL, 1, 35.680632836024, 139.69053854406, '133002112301232133', 1, '2017-06-18 01:17:23'),
	(82, 1, 1, NULL, NULL, 0, 35.686284168833, 139.69684247955, '133002112301231320', 1, '2017-06-18 01:17:23'),
	(83, 3, 6, 2, NULL, 4, 35.685110710896, 139.69639394059, '133002112301231233', 0, '2017-06-18 01:17:23'),
	(84, 2, 9, 2, NULL, 1, 35.685520892433, 139.6812726187, '133002112301230220', 0, '2017-06-18 01:17:23'),
	(85, 2, 7, 2, 'This is a review.', 1, 35.68513911036, 139.69094935505, '133002112301230333', 0, '2017-06-18 01:17:23'),
	(86, 5, 9, 3, NULL, 0, 35.6839012415, 139.68238025791, '133002112301232001', 0, '2017-06-18 01:17:23'),
	(87, 1, 8, 3, NULL, 0, 35.685687771343, 139.68601635675, '133002112301230320', 2, '2017-06-18 01:17:23'),
	(88, 3, 9, 3, NULL, 4, 35.682036209732, 139.68957413635, '133002112301232112', 0, '2017-06-18 01:17:23'),
	(89, 1, 10, 3, NULL, 0, 35.681689401916, 139.68889318022, '133002112301232130', 5, '2017-06-18 01:17:23'),
	(90, 2, 5, NULL, NULL, 1, 35.680967273127, 139.69012918097, '133002112301232131', 1, '2017-06-18 01:17:23'),
	(91, 2, 8, 2, NULL, 1, 35.681961459545, 139.68665063301, '133002112301232102', 1, '2017-06-18 01:17:23'),
	(92, 6, 6, 4, NULL, 3, 35.68755149688, 139.69278316865, '133002112301231201', 0, '2017-06-18 01:17:23'),
	(93, 5, 1, NULL, NULL, 4, 35.687533696613, 139.69380788874, '133002112301231201', 0, '2017-06-18 01:17:23'),
	(94, 3, 3, NULL, 'これはレビューです。これはレビューです。これはレビューです。これはレビューです。これはレビューです。', 0, 35.685293049143, 139.68180803005, '133002112301230221', 1, '2017-06-18 01:17:23'),
	(95, 3, 4, 1, NULL, 0, 35.680861790729, 139.69429644122, '133002112301233030', 0, '2017-06-18 01:17:23'),
	(96, 6, 7, 3, NULL, 4, 35.684165562339, 139.69199034755, '133002112301231222', 1, '2017-06-18 01:17:23'),
	(97, 4, 3, NULL, NULL, 3, 35.684640729628, 139.69544447549, '133002112301231233', 0, '2017-06-18 01:17:23'),
	(98, 5, 7, NULL, NULL, 1, 35.68859767515, 139.68464838962, '133002112301230033', 3, '2017-06-18 01:17:23'),
	(99, 5, 8, 2, NULL, 3, 35.682939923432, 139.69549312047, '133002112301233013', 0, '2017-06-18 01:17:23'),
	(100, 2, 1, NULL, 'これはレビューです。これはレビューです。これはレビューです。これはレビューです。これはレビューです。', 1, 35.6842401499, 139.69292449633, '133002112301231223', 3, '2017-06-18 01:17:23'),
	(101, 1, 2, 2, NULL, 0, 35.68360187279, 139.69419232005, '133002112301233010', 1, '2017-06-18 01:17:23'),
	(102, 5, 7, 2, NULL, 0, 35.683820477187, 139.69230231114, '133002112301233000', 2, '2017-06-18 01:17:23'),
	(103, 6, 3, 3, NULL, 3, 35.686617623629, 139.69792604098, '133002112301231302', 1, '2017-06-18 01:17:23'),
	(104, 1, 4, 2, NULL, 0, 35.683296495444, 139.68586978958, '133002112301232100', 0, '2017-06-18 01:17:23'),
	(105, 5, 11, 2, NULL, 1, 35.681971952683, 139.68861472767, '133002112301232112', 0, '2017-06-18 01:17:23'),
	(106, 6, 1, 2, 'この店はまあまあです。', 4, 35.689266175107, 139.69690317959, '133002112301231122', 0, '2017-06-18 01:17:23'),
	(107, 5, 11, NULL, 'これはレビューです。これはレビューです。これはレビューです。これはレビューです。これはレビューです。', 2, 35.684846688773, 139.69218244664, '133002112301231222', 0, '2017-06-18 01:17:23'),
	(108, 5, 7, 3, NULL, 2, 35.681311183811, 139.68691217092, '133002112301232120', 0, '2017-06-18 01:17:23'),
	(109, 1, 8, NULL, 'これはレビューです。これはレビューです。これはレビューです。これはレビューです。これはレビューです。', 0, 35.685408356782, 139.69471772074, '133002112301231230', 1, '2017-06-18 01:17:23'),
	(110, 6, 9, NULL, NULL, 4, 35.691681959189, 139.69611280403, '133002112301231013', 1, '2017-06-18 01:17:23'),
	(111, 6, 12, NULL, 'この店はまあまあです。', 4, 35.685753810926, 139.69203435621, '133002112301231220', 2, '2017-06-18 01:17:23'),
	(112, 6, 4, 2, NULL, 4, 35.685946435493, 139.69418946338, '133002112301231230', 2, '2017-06-18 01:17:23'),
	(113, 6, 7, 3, NULL, 3, 35.685398979153, 139.6909814255, '133002112301230331', 2, '2017-06-18 01:17:23'),
	(114, 2, 5, 3, NULL, 1, 35.681370132089, 139.68552266626, '133002112301232031', 0, '2017-06-18 01:17:23'),
	(115, 5, 11, NULL, NULL, 0, 35.685941184815, 139.68532904985, '133002112301230231', 2, '2017-06-18 01:17:23'),
	(116, 6, 7, 3, 'これはレビューです。これはレビューです。これはレビューです。これはレビューです。これはレビューです。', 4, 35.685866030946, 139.69449446082, '133002112301231230', 1, '2017-06-18 01:17:23'),
	(117, 3, 3, 2, NULL, 4, 35.681224868081, 139.68849189156, '133002112301232130', 1, '2017-06-18 01:17:24'),
	(118, 4, 7, 3, NULL, 3, 35.680439939231, 139.69235828423, '133002112301233022', 0, '2017-06-18 01:17:24'),
	(119, 1, 6, NULL, NULL, 0, 35.684471673258, 139.69200146567, '133002112301231222', 0, '2017-06-18 01:17:24'),
	(120, 3, 10, 2, NULL, 4, 35.684499519595, 139.69257191252, '133002112301231223', 0, '2017-06-18 01:17:24'),
	(121, 4, 12, NULL, NULL, 3, 35.681086188368, 139.68751249462, '133002112301232121', 1, '2017-06-18 01:17:24'),
	(122, 5, 8, 2, NULL, 1, 35.683290930521, 139.68501181943, '133002112301232011', 0, '2017-06-18 01:17:24'),
	(123, 6, 6, NULL, NULL, 4, 35.686055010915, 139.68959801758, '133002112301230330', 2, '2017-06-18 01:17:24'),
	(124, 3, 9, 3, NULL, 4, 35.684898639665, 139.69361068213, '133002112301231223', 2, '2017-06-18 01:17:24'),
	(125, 6, 6, 2, NULL, 3, 35.685573024027, 139.69665345946, '133002112301231320', 0, '2017-06-18 01:17:24'),
	(126, 1, 7, 3, NULL, 0, 35.685631398005, 139.68409470147, '133002112301230230', 1, '2017-06-18 01:17:24'),
	(127, 5, 12, 3, NULL, 4, 35.680109036646, 139.691112649, '133002112301232133', 0, '2017-06-18 01:17:24'),
	(128, 2, 11, 2, 'この店は普通です。', 1, 35.683301149886, 139.68692781218, '133002112301232100', 0, '2017-06-18 01:17:24'),
	(129, 5, 8, 2, NULL, 2, 35.689850330387, 139.69232466319, '133002112301231020', 0, '2017-06-18 01:17:24'),
	(130, 2, 12, NULL, NULL, 1, 35.685899629642, 139.68035722849, '133002112301230220', 0, '2017-06-18 01:17:24'),
	(131, 3, 3, 2, NULL, 0, 35.686430827467, 139.6801394936, '133002112301221313', 1, '2017-06-18 01:17:24'),
	(132, 3, 2, 2, 'This is a review.', 0, 35.682745355907, 139.69360915603, '133002112301233003', 0, '2017-06-18 01:17:24'),
	(133, 6, 7, 2, NULL, 3, 35.689305825659, 139.69825057994, '133002112301231123', 0, '2017-06-18 01:17:24'),
	(134, 5, 7, NULL, NULL, 1, 35.686458906245, 139.69441542231, '133002112301231212', 1, '2017-06-18 01:17:24'),
	(135, 5, 12, 1, NULL, 4, 35.685906419912, 139.68018987614, '133002112301230220', 1, '2017-06-18 01:17:24'),
	(136, 5, 12, 2, NULL, 2, 35.68409706059, 139.68676322767, '133002112301230322', 0, '2017-06-18 01:17:24'),
	(137, 1, 12, NULL, NULL, 0, 35.682190341795, 139.69641932097, '133002112301233013', 2, '2017-06-18 01:17:24'),
	(138, 5, 7, NULL, NULL, 4, 35.683684249107, 139.68994958617, '133002112301232111', 0, '2017-06-18 01:17:24'),
	(139, 2, 5, NULL, NULL, 1, 35.683646344845, 139.68433302399, '133002112301232011', 2, '2017-06-18 01:17:24'),
	(140, 1, 6, NULL, NULL, 0, 35.693605954313, 139.69530289315, '133002112301213233', 2, '2017-06-18 01:17:24'),
	(141, 6, 1, 4, NULL, 4, 35.686252191896, 139.69187612211, '133002112301231220', 0, '2017-06-18 01:17:24'),
	(142, 4, 2, 2, NULL, 3, 35.684569854965, 139.6954658441, '133002112301231233', 2, '2017-06-18 01:17:24'),
	(143, 6, 1, NULL, 'これはレビューです。これはレビューです。これはレビューです。これはレビューです。これはレビューです。', 4, 35.686209477148, 139.68667608311, '133002112301230320', 1, '2017-06-18 01:17:24'),
	(144, 1, 8, 3, 'This is a review.', 0, 35.681212061395, 139.69441421787, '133002112301233030', 1, '2017-06-18 01:17:24'),
	(145, 4, 12, NULL, 'This is a review.', 3, 35.683209143526, 139.69248684939, '133002112301233000', 0, '2017-06-18 01:17:24'),
	(146, 2, 3, 3, NULL, 1, 35.68455753702, 139.69086787164, '133002112301230333', 0, '2017-06-18 01:17:24'),
	(147, 3, 3, 3, 'この店はまあまあです。', 0, 35.681406125853, 139.69728071852, '133002112301233120', 0, '2017-06-18 01:17:24'),
	(148, 1, 11, 3, NULL, 0, 35.68129019333, 139.68725466061, '133002112301232121', 0, '2017-06-18 01:17:24'),
	(149, 4, 9, NULL, NULL, 3, 35.67975049138, 139.69004116694, '133002112301232133', 2, '2017-06-18 01:17:24'),
	(150, 1, 11, NULL, NULL, 0, 35.68620097167, 139.69681595091, '133002112301231320', 1, '2017-06-18 01:17:24'),
	(151, 3, 11, NULL, 'この店はまあまあです。', 0, 35.684339032954, 139.69333160124, '133002112301231223', 0, '2017-06-18 01:17:24'),
	(152, 5, 2, 2, NULL, 0, 35.684350841581, 139.69223686282, '133002112301231222', 0, '2017-06-18 01:17:24'),
	(153, 6, 10, NULL, NULL, 4, 35.6845848329, 139.69649579457, '133002112301231233', 1, '2017-06-18 01:17:24'),
	(154, 1, 3, 2, NULL, 0, 35.682812390651, 139.68757067614, '133002112301232103', 2, '2017-06-18 01:17:24'),
	(155, 5, 8, NULL, NULL, 1, 35.684155943608, 139.68493543976, '133002112301230233', 0, '2017-06-18 01:17:24'),
	(156, 3, 6, 3, NULL, 1, 35.680489626601, 139.68680794626, '133002112301232122', 2, '2017-06-18 01:17:24'),
	(157, 4, 3, NULL, NULL, 3, 35.682607852567, 139.68372546514, '133002112301232012', 1, '2017-06-18 01:17:24'),
	(158, 5, 11, 2, NULL, 2, 35.687514717398, 139.69226746705, '133002112301231200', 2, '2017-06-18 01:17:24'),
	(159, 4, 1, 3, NULL, 3, 35.682746939817, 139.68969527502, '133002112301232112', 0, '2017-06-18 01:17:24'),
	(160, 2, 7, NULL, NULL, 1, 35.681221546806, 139.68488934989, '133002112301232031', 2, '2017-06-18 01:17:25'),
	(161, 1, 3, 3, NULL, 0, 35.687965898728, 139.69222726184, '133002112301231200', 2, '2017-06-18 01:17:25'),
	(162, 6, 1, NULL, 'この店はまあまあです。', 3, 35.690003843399, 139.69681775727, '133002112301231120', 1, '2017-06-18 01:17:25'),
	(163, 3, 7, 3, NULL, 4, 35.682665599716, 139.68550783211, '133002112301232013', 1, '2017-06-18 01:17:25'),
	(164, 1, 7, NULL, 'この店は普通です。', 0, 35.683470616017, 139.68629584917, '133002112301232100', 1, '2017-06-18 01:17:25'),
	(165, 6, 1, 2, NULL, 3, 35.686064141032, 139.68752588659, '133002112301230321', 1, '2017-06-18 01:17:25'),
	(166, 5, 7, 3, NULL, 2, 35.683991617298, 139.69143066432, '133002112301233000', 1, '2017-06-18 01:17:25'),
	(167, 5, 12, 4, NULL, 2, 35.686770777317, 139.69449138966, '133002112301231212', 0, '2017-06-18 01:17:25'),
	(168, 5, 5, 3, NULL, 4, 35.682901945382, 139.6827772466, '133002112301232003', 0, '2017-06-18 01:17:25'),
	(169, 2, 7, NULL, NULL, 1, 35.685239864047, 139.69302994003, '133002112301231221', 1, '2017-06-18 01:17:25'),
	(170, 4, 1, NULL, NULL, 3, 35.683398153638, 139.69068410903, '133002112301232111', 1, '2017-06-18 01:17:25'),
	(171, 1, 2, 3, NULL, 0, 35.683405604943, 139.68921216479, '133002112301232110', 0, '2017-06-18 01:17:25'),
	(172, 3, 8, 2, NULL, 1, 35.682276100016, 139.68250830299, '133002112301232003', 1, '2017-06-18 01:17:25'),
	(173, 4, 5, 3, NULL, 3, 35.682351441489, 139.68326096842, '133002112301232012', 1, '2017-06-18 01:17:25'),
	(174, 2, 6, NULL, NULL, 1, 35.687373490086, 139.69507553281, '133002112301231212', 2, '2017-06-18 01:17:25'),
	(175, 2, 11, NULL, NULL, 1, 35.683172226712, 139.69160750272, '133002112301233000', 1, '2017-06-18 01:17:25'),
	(176, 2, 5, 2, NULL, 1, 35.6870278909, 139.68332124203, '133002112301230212', 2, '2017-06-18 01:17:25'),
	(177, 4, 8, 3, NULL, 3, 35.686242688612, 139.6959871166, '133002112301231231', 0, '2017-06-18 01:17:25'),
	(178, 6, 6, 3, 'This is a review.', 4, 35.685634243019, 139.6937282368, '133002112301231221', 0, '2017-06-18 01:17:25'),
	(179, 6, 10, NULL, NULL, 4, 35.688786913653, 139.69735527886, '133002112301231122', 1, '2017-06-18 01:17:25'),
	(180, 5, 10, 4, NULL, 0, 35.683324941217, 139.68614285157, '133002112301232100', 1, '2017-06-18 01:17:25'),
	(181, 5, 2, NULL, NULL, 4, 35.686987837313, 139.68354050168, '133002112301230212', 1, '2017-06-18 01:17:25'),
	(182, 6, 7, NULL, NULL, 3, 35.682974767794, 139.69210517886, '133002112301233000', 1, '2017-06-18 01:17:25'),
	(183, 6, 7, 2, NULL, 3, 35.689012941766, 139.69773926825, '133002112301231122', 2, '2017-06-18 01:17:25'),
	(184, 3, 2, 3, NULL, 1, 35.686462882739, 139.69125457971, '133002112301231202', 2, '2017-06-18 01:17:25'),
	(185, 4, 11, 3, NULL, 3, 35.682839606373, 139.69104337914, '133002112301232113', 1, '2017-06-18 01:17:25'),
	(186, 4, 10, 4, NULL, 3, 35.683805766436, 139.69279233822, '133002112301233001', 2, '2017-06-18 01:17:25'),
	(187, 1, 12, 2, NULL, 0, 35.68602984252, 139.69548881241, '133002112301231231', 1, '2017-06-18 01:17:25'),
	(188, 2, 7, 3, NULL, 1, 35.684622366604, 139.68633550805, '133002112301230322', 1, '2017-06-18 01:17:25'),
	(189, 6, 11, 2, NULL, 3, 35.686726543005, 139.69185393549, '133002112301231202', 1, '2017-06-18 01:17:25'),
	(190, 4, 3, 1, NULL, 3, 35.684049748712, 139.68551717352, '133002112301232011', 1, '2017-06-18 01:17:25'),
	(191, 1, 2, 3, NULL, 0, 35.683209708266, 139.69637087407, '133002112301233011', 1, '2017-06-18 01:17:25'),
	(192, 1, 7, NULL, NULL, 0, 35.685542987164, 139.68436804865, '133002112301230231', 2, '2017-06-18 01:17:25'),
	(193, 2, 4, 2, NULL, 1, 35.688685405294, 139.69554511499, '133002112301231033', 1, '2017-06-18 01:17:25'),
	(194, 5, 1, 3, NULL, 0, 35.681457870097, 139.68699889042, '133002112301232120', 0, '2017-06-18 01:17:25'),
	(195, 5, 7, NULL, NULL, 4, 35.683526056453, 139.68878538843, '133002112301232110', 2, '2017-06-18 01:17:25'),
	(196, 5, 3, 1, NULL, 0, 35.687583860008, 139.68232428297, '133002112301230201', 2, '2017-06-18 01:17:25'),
	(197, 4, 5, 3, NULL, 3, 35.682009932438, 139.68765949362, '133002112301232103', 0, '2017-06-18 01:17:25'),
	(198, 4, 8, 3, NULL, 3, 35.685287712803, 139.68558238663, '133002112301230231', 3, '2017-06-18 01:17:25'),
	(199, 2, 9, 3, NULL, 1, 35.685075482612, 139.69015982929, '133002112301230333', 1, '2017-06-18 01:17:25'),
	(200, 6, 8, 2, 'This is a review.', 4, 35.686373214613, 139.694447643, '133002112301231212', 1,
		  '2017-06-18 01:17:25');


INSERT INTO likes (review_id, user_id, liked_at)
VALUES
	(1, 1, NULL),
	(1, 2, NULL),
	(1, 3, NULL),
	(1, 4, NULL),
	(1, 5, NULL),
	(1, 6, NULL),
	(1, 7, NULL),
	(1, 8, NULL),
	(1, 9, NULL),
	(1, 10, NULL),
	(2, 1, NULL),
	(2, 2, NULL),
	(2, 3, NULL),
	(2, 4, NULL),
	(2, 5, NULL),
	(2, 6, NULL),
	(2, 7, NULL),
	(2, 8, NULL),
	(2, 9, NULL),
	(2, 10, NULL),
	(2, 11, NULL),
	(3, 2, NULL),
	(3, 3, NULL),
	(3, 4, NULL),
	(3, 5, NULL),
	(3, 6, NULL),
	(3, 7, NULL),
	(3, 8, NULL),
	(3, 10, NULL),
	(3, 11, NULL),
	(4, 1, NULL),
	(4, 2, NULL),
	(4, 3, NULL),
	(4, 7, NULL),
	(4, 8, NULL),
	(4, 9, NULL),
	(4, 10, NULL),
	(4, 11, NULL),
	(5, 2, NULL),
	(5, 3, NULL),
	(5, 4, NULL),
	(5, 5, NULL),
	(5, 6, NULL),
	(5, 7, NULL),
	(5, 8, NULL),
	(5, 9, NULL),
	(5, 11, NULL),
	(6, 1, NULL),
	(6, 2, NULL),
	(6, 3, NULL),
	(6, 4, NULL),
	(6, 5, NULL),
	(6, 7, NULL),
	(6, 8, NULL),
	(6, 10, NULL),
	(7, 1, NULL),
	(7, 3, NULL),
	(7, 6, NULL),
	(7, 7, NULL),
	(7, 9, NULL),
	(7, 10, NULL),
	(7, 11, NULL),
	(8, 3, NULL),
	(8, 5, NULL),
	(8, 7, NULL),
	(8, 8, NULL),
	(8, 9, NULL),
	(8, 10, NULL),
	(9, 1, NULL),
	(9, 2, NULL),
	(9, 3, NULL),
	(9, 4, NULL),
	(9, 5, NULL),
	(9, 7, NULL),
	(9, 9, NULL),
	(10, 1, NULL),
	(10, 2, NULL),
	(10, 3, NULL),
	(10, 4, NULL),
	(10, 6, NULL),
	(10, 9, NULL),
	(10, 11, NULL),
	(11, 5, NULL),
	(11, 6, NULL),
	(11, 7, NULL),
	(12, 1, NULL),
	(12, 2, NULL),
	(12, 3, NULL),
	(12, 4, NULL),
	(12, 5, NULL),
	(12, 8, NULL),
	(12, 9, NULL),
	(13, 1, NULL),
	(13, 2, NULL),
	(13, 7, NULL),
	(13, 11, NULL),
	(14, 3, NULL),
	(14, 6, NULL),
	(14, 7, NULL),
	(14, 11, NULL),
	(15, 9, NULL),
	(15, 10, NULL),
	(16, 3, NULL),
	(16, 4, NULL),
	(16, 8, NULL),
	(16, 9, NULL),
	(16, 10, NULL),
	(17, 4, NULL),
	(17, 6, NULL),
	(17, 7, NULL),
	(17, 10, NULL),
	(18, 9, NULL),
	(18, 10, NULL),
	(19, 1, NULL),
	(19, 2, NULL),
	(19, 3, NULL),
	(19, 4, NULL),
	(19, 5, NULL),
	(19, 6, NULL),
	(19, 9, NULL),
	(20, 2, NULL),
	(20, 3, NULL),
	(20, 8, NULL),
	(20, 9, NULL),
	(21, 2, NULL),
	(21, 3, NULL),
	(21, 4, NULL),
	(21, 5, NULL),
	(21, 9, NULL),
	(21, 11, NULL),
	(22, 2, NULL),
	(22, 3, NULL),
	(22, 4, NULL),
	(22, 6, NULL),
	(22, 7, NULL),
	(22, 8, NULL),
	(22, 9, NULL),
	(22, 11, NULL),
	(23, 2, NULL),
	(23, 6, NULL),
	(23, 11, NULL),
	(24, 3, NULL),
	(24, 5, NULL),
	(24, 6, NULL),
	(24, 9, NULL),
	(24, 11, NULL),
	(25, 6, NULL),
	(25, 7, NULL),
	(25, 8, NULL),
	(25, 11, NULL),
	(26, 1, NULL),
	(26, 7, NULL),
	(26, 8, NULL),
	(27, 2, NULL),
	(27, 3, NULL),
	(27, 4, NULL),
	(27, 9, NULL),
	(28, 4, NULL),
	(28, 7, NULL),
	(28, 8, NULL),
	(28, 9, NULL),
	(28, 11, NULL),
	(29, 2, NULL),
	(29, 3, NULL),
	(29, 5, NULL),
	(29, 6, NULL),
	(29, 7, NULL),
	(29, 11, NULL),
	(30, 6, NULL),
	(30, 7, NULL),
	(30, 10, NULL),
	(30, 11, NULL),
	(31, 1, NULL),
	(31, 2, NULL),
	(31, 3, NULL),
	(31, 7, NULL),
	(31, 9, NULL),
	(32, 2, NULL),
	(32, 4, NULL),
	(32, 8, NULL),
	(32, 10, NULL),
	(33, 2, NULL),
	(33, 3, NULL),
	(33, 4, NULL),
	(33, 5, NULL),
	(33, 6, NULL),
	(33, 8, NULL),
	(33, 9, NULL),
	(34, 1, NULL),
	(34, 3, NULL),
	(34, 6, NULL),
	(34, 7, NULL),
	(34, 8, NULL),
	(34, 9, NULL),
	(34, 11, NULL),
	(35, 1, NULL),
	(35, 3, NULL),
	(35, 5, NULL),
	(35, 6, NULL),
	(35, 8, NULL),
	(36, 5, NULL),
	(36, 6, NULL),
	(36, 7, NULL),
	(36, 9, NULL),
	(36, 11, NULL),
	(37, 1, NULL),
	(37, 3, NULL),
	(37, 5, NULL),
	(37, 8, NULL),
	(37, 10, NULL),
	(37, 11, NULL),
	(38, 1, NULL),
	(38, 3, NULL),
	(38, 5, NULL),
	(38, 10, NULL),
	(38, 11, NULL),
	(39, 1, NULL),
	(39, 2, NULL),
	(39, 3, NULL),
	(39, 7, NULL),
	(39, 8, NULL),
	(39, 9, NULL),
	(40, 2, NULL),
	(40, 3, NULL),
	(40, 4, NULL),
	(40, 5, NULL),
	(40, 7, NULL),
	(40, 8, NULL),
	(40, 9, NULL),
	(41, 4, NULL),
	(41, 10, NULL),
	(42, 2, NULL),
	(43, 3, NULL),
	(43, 5, NULL),
	(44, 6, NULL),
	(45, 9, NULL),
	(46, 6, NULL),
	(46, 7, NULL),
	(47, 5, NULL),
	(49, 3, NULL),
	(49, 4, NULL),
	(50, 10, NULL),
	(51, 3, NULL),
	(51, 6, NULL),
	(51, 7, NULL),
	(52, 3, NULL),
	(52, 5, NULL),
	(54, 3, NULL),
	(54, 6, NULL),
	(55, 7, NULL),
	(57, 1, NULL),
	(59, 1, NULL),
	(61, 3, NULL),
	(61, 4, NULL),
	(63, 5, NULL),
	(63, 10, NULL),
	(65, 3, NULL),
	(67, 1, NULL),
	(67, 9, NULL),
	(67, 10, NULL),
	(68, 2, NULL),
	(69, 2, NULL),
	(69, 7, NULL),
	(69, 11, NULL),
	(70, 1, NULL),
	(70, 3, NULL),
	(70, 6, NULL),
	(72, 5, NULL),
	(75, 3, NULL),
	(75, 7, NULL),
	(76, 3, NULL),
	(77, 8, NULL),
	(78, 5, NULL),
	(81, 6, NULL),
	(82, 10, NULL),
	(87, 3, NULL),
	(87, 11, NULL),
	(89, 1, NULL),
	(89, 3, NULL),
	(89, 6, NULL),
	(89, 7, NULL),
	(89, 10, NULL),
	(90, 9, NULL),
	(91, 7, NULL),
	(94, 2, NULL),
	(96, 3, NULL),
	(98, 5, NULL),
	(98, 7, NULL),
	(98, 8, NULL),
	(100, 3, NULL),
	(100, 7, NULL),
	(100, 10, NULL),
	(101, 6, NULL),
	(102, 8, NULL),
	(102, 10, NULL),
	(103, 6, NULL),
	(109, 7, NULL),
	(110, 5, NULL),
	(111, 2, NULL),
	(111, 3, NULL),
	(112, 6, NULL),
	(112, 7, NULL),
	(113, 2, NULL),
	(113, 4, NULL),
	(115, 5, NULL),
	(115, 9, NULL),
	(116, 4, NULL),
	(117, 1, NULL),
	(121, 9, NULL),
	(123, 9, NULL),
	(123, 11, NULL),
	(124, 8, NULL),
	(124, 9, NULL),
	(126, 9, NULL),
	(131, 4, NULL),
	(134, 11, NULL),
	(135, 6, NULL),
	(137, 2, NULL),
	(137, 9, NULL),
	(139, 8, NULL),
	(139, 9, NULL),
	(140, 2, NULL),
	(140, 3, NULL),
	(142, 1, NULL),
	(142, 7, NULL),
	(143, 3, NULL),
	(144, 6, NULL),
	(149, 1, NULL),
	(149, 8, NULL),
	(150, 6, NULL),
	(153, 6, NULL),
	(154, 7, NULL),
	(154, 8, NULL),
	(156, 4, NULL),
	(156, 5, NULL),
	(157, 5, NULL),
	(158, 4, NULL),
	(158, 5, NULL),
	(160, 3, NULL),
	(160, 5, NULL),
	(161, 9, NULL),
	(161, 11, NULL),
	(162, 8, NULL),
	(163, 4, NULL),
	(164, 7, NULL),
	(165, 11, NULL),
	(166, 10, NULL),
	(169, 3, NULL),
	(170, 7, NULL),
	(172, 3, NULL),
	(173, 7, NULL),
	(174, 4, NULL),
	(174, 7, NULL),
	(175, 4, NULL),
	(176, 4, NULL),
	(176, 11, NULL),
	(179, 2, NULL),
	(180, 9, NULL),
	(181, 4, NULL),
	(182, 9, NULL),
	(183, 9, NULL),
	(183, 11, NULL),
	(184, 4, NULL),
	(184, 7, NULL),
	(185, 7, NULL),
	(186, 5, NULL),
	(186, 6, NULL),
	(187, 6, NULL),
	(188, 3, NULL),
	(189, 5, NULL),
	(190, 7, NULL),
	(191, 5, NULL),
	(192, 2, NULL),
	(192, 5, NULL),
	(193, 4, NULL),
	(195, 1, NULL),
	(195, 11, NULL),
	(196, 1, NULL),
	(196, 5, NULL),
	(198, 1, NULL),
	(198, 6, NULL),
	(198, 11, NULL),
	(199, 5, NULL),
	(200, 9, NULL);

COMMIT;
