BEGIN;

INSERT INTO user (user_id)
VALUES (1), (2), (3), (4), (5), (6), (7), (8), (9), (10), (11), (12);

INSERT INTO authentication (user_id, email, password, token)
VALUES
	(1, 'hoge@example.com', '$2y$10$ulqpqhnysOSiV1CiFlFMXeSC2vl4YzT7wNUtUAYmPF/GqGxuZSyAm', 'abcdef123456789'),
	(2, 'hoge+1@example.com', '$2y$10$ulqpqhnysOSiV1CiFlFMXeSC2vl4YzT7wNUtUAYmPF/GqGxuZSyAm',
	 '01ba4719c80b6fe911b091a7c05124b64eeece964e09c058ef8f9805daca546b'),
	(3, 'hoge+2@example.com', '$2y$10$ulqpqhnysOSiV1CiFlFMXeSC2vl4YzT7wNUtUAYmPF/GqGxuZSyAm',
	 'bbc9d7c7640f72a3243de927fecfa76b396fe0f9e75ba1ad5ba28cc8c6e1446c'),
	(4, 'hoge+3@example.com', '$2y$10$ulqpqhnysOSiV1CiFlFMXeSC2vl4YzT7wNUtUAYmPF/GqGxuZSyAm',
	 '2e0390eb024a52963db7b95e84a9c2b12c004054a7bad9a97ec0c7c89d4681d2'),
	(5, 'hoge+4@example.com', '$2y$10$ulqpqhnysOSiV1CiFlFMXeSC2vl4YzT7wNUtUAYmPF/GqGxuZSyAm',
	 'e712aff3705ac314b9a890e0ec208faa20054eee514d86ab913d768f94e01279'),
	(6, 'hoge+5@example.com', '$2y$10$ulqpqhnysOSiV1CiFlFMXeSC2vl4YzT7wNUtUAYmPF/GqGxuZSyAm',
	 'e712aff3705ac314b9a890e0ec208faa20054eee514d86ab913d768f94e01278'),
	(7, 'hoge+6@example.com', '$2y$10$ulqpqhnysOSiV1CiFlFMXeSC2vl4YzT7wNUtUAYmPF/GqGxuZSyAm',
	 'e712aff3705ac314b9a890e0ec208faa20054eee514d86ab913d768f94e01280'),
	(8, 'hoge+7@example.com', '$2y$10$ulqpqhnysOSiV1CiFlFMXeSC2vl4YzT7wNUtUAYmPF/GqGxuZSyAm',
	 'e712aff3705ac314b9a890e0ec208faa20054eee514d86ab913d768f94e01289'),
	(9, 'hoge+8@example.com', '$2y$10$ulqpqhnysOSiV1CiFlFMXeSC2vl4YzT7wNUtUAYmPF/GqGxuZSyAm',
	 'e712aff3705ac314b9a890e0ec208faa20054eee514d86ab913d768f94e01379'),
	(10, 'hoge+9@example.com', '$2y$10$ulqpqhnysOSiV1CiFlFMXeSC2vl4YzT7wNUtUAYmPF/GqGxuZSyAm',
	 'e712aff3705ac314b9a890e0ec208faa20054eee514d86ab913d768f94e01179'),
	(11, 'hoge+10@example.com', '$2y$10$ulqpqhnysOSiV1CiFlFMXeSC2vl4YzT7wNUtUAYmPF/GqGxuZSyAm',
	 'e712aff3705ac314b9a890e0ec208faa20054eee514d86ab913d768f94e01479'),
	(12, 'hoge+11@example.com', '$2y$10$ulqpqhnysOSiV1CiFlFMXeSC2vl4YzT7wNUtUAYmPF/GqGxuZSyAm',
	 'e712aff3705ac314b9a890e0ec208faa20054eee514d86ab913d768f94e01579');

INSERT INTO shop (shop_id, name, open_time, close_time, address, latitude, longitude, geom_hash)
VALUES
	(1, 'おいしいケーキ デ・リ・シャス', '10:00:00', '20:00:00', '東京都新宿区西新宿2-10-1', 35.687309, 139.689983, '133002112301230313'),
	(2, 'mystery of crepe', NULL, NULL, '東京都新宿区西新宿4-33-4', 35.686451, 139.688969, '133002112301230312'),
	(3, 'Liebesknochen', '11:00:00', '13:30:00', '東京都新宿区西新宿3-11-20', 35.685732, 139.689006, '133002112301230330'),
	(4, '和菓子総本家', '08:00:00', '18:00:00', '東京都新宿区西新宿4-34-10', 35.685742, 139.688497, '133002112301230330'),
	(5, 'スイーツパラリシス', '09:00:00', '24:00:00', '東京都新宿区西新宿4-34-26', 35.686734, 139.68819, '133002112301230303'),
	(6, '百合華 東京都庁店', NULL, NULL, '東京都新宿区西新宿2-8-1', 35.689634, 139.692101, '133002112301231022');

INSERT INTO review (review_id, shop_id, user_id, rating, review_text, sweet_type, latitude, longitude, geom_hash, `like`, `reviewed_at`)
VALUES
	(1, 5, 12, 2, NULL, 0, 35.686734, 139.68819, '133002112301233002', 11, '2017-06-18 01:02:24'),
	(2, 4, 10, 3, NULL, 3, 35.685742, 139.688497, '133002112301233032', 11, '2017-06-18 01:02:24'),
	(3, 5, 8, NULL, NULL, 4, 35.686734, 139.68819, '133002112301233002', 9, '2017-06-18 01:02:24'),
	(4, 6, 8, NULL, NULL, 3, 35.689634, 139.692101, '133002112301230303', 10, '2017-06-18 01:02:24'),
	(5, 3, 1, NULL, NULL, 1, 35.685732, 139.689006, '133002112301233000', 10, '2017-06-18 01:02:24'),
	(6, 6, 1, 3, NULL, 3, 35.689634, 139.692101, '133002112301231312', 10, '2017-06-18 01:02:24'),
	(7, 6, 6, 3, NULL, 4, 35.689634, 139.692101, '133002112301230312', 7, '2017-06-18 01:02:24'),
	(8, 4, 2, NULL, NULL, 3, 35.685742, 139.688497, '133002112301231220', 11, '2017-06-18 01:02:24'),
	(9, 6, 5, 2, NULL, 4, 35.689634, 139.692101, '133002112301231211', 7, '2017-06-18 01:02:24'),
	(10, 1, 4, 3, NULL, 0, 35.687309, 139.689983, '133002112301232113', 9, '2017-06-18 01:02:24'),
	(11, 4, 4, 3, NULL, 3, 35.685742, 139.688497, '133002112301232102', 5, '2017-06-18 01:02:24'),
	(12, 6, 7, 3, NULL, 4, 35.689634, 139.692101, '133002112301231322', 5, '2017-06-18 01:02:24'),
	(13, 5, 3, 2, NULL, 3, 35.686734, 139.68819, '133002112301231221', 6, '2017-06-18 01:02:24'),
	(14, 4, 8, NULL, 'This is a review.', 3, 35.685742, 139.688497, '133002112301232023', 5, '2017-06-18 01:02:24'),
	(15, 6, 9, 3, NULL, 4, 35.689634, 139.692101, '133002112301230301', 5, '2017-06-18 01:02:24'),
	(16, 2, 4, NULL, NULL, 1, 35.686451, 139.688969, '133002112301233012', 5, '2017-06-18 01:02:24'),
	(17, 4, 5, 3, NULL, 3, 35.685742, 139.688497, '133002112301232122', 6, '2017-06-18 01:02:24'),
	(18, 2, 4, 2, NULL, 1, 35.686451, 139.688969, '133002112301232131', 5, '2017-06-18 01:02:24'),
	(19, 3, 6, 2, NULL, 0, 35.685732, 139.689006, '133002112301232031', 10, '2017-06-18 01:02:24'),
	(20, 6, 2, 3, NULL, 3, 35.689634, 139.692101, '133002112301231233', 5, '2017-06-18 01:02:24'),
	(21, 3, 5, NULL, NULL, 0, 35.685732, 139.689006, '133002112301233002', 7, '2017-06-18 01:02:24'),
	(22, 1, 4, 3, NULL, 0, 35.687309, 139.689983, '133002112301232130', 3, '2017-06-18 01:02:24'),
	(23, 6, 9, NULL, NULL, 3, 35.689634, 139.692101, '133002112301230312', 4, '2017-06-18 01:02:24'),
	(24, 3, 3, 4, NULL, 1, 35.685732, 139.689006, '133002112301230323', 3, '2017-06-18 01:02:24'),
	(25, 1, 6, 4, NULL, 0, 35.687309, 139.689983, '133002112301233003', 5, '2017-06-18 01:02:24'),
	(26, 1, 6, NULL, 'この店は普通です。', 0, 35.687309, 139.689983, '133002112301230331', 6, '2017-06-18 01:02:24'),
	(27, 2, 12, 3, 'この店は普通です。', 1, 35.686451, 139.688969, '133002112301232112', 4, '2017-06-18 01:02:24'),
	(28, 3, 5, NULL, NULL, 4, 35.685732, 139.689006, '133002112301233000', 3, '2017-06-18 01:02:24'),
	(29, 4, 12, NULL, NULL, 3, 35.685742, 139.688497, '133002112301231212', 5, '2017-06-18 01:02:24'),
	(30, 5, 5, 2, NULL, 3, 35.686734, 139.68819, '133002112301230022', 4, '2017-06-18 01:02:24'),
	(31, 4, 9, 2, NULL, 3, 35.685742, 139.688497, '133002112301231220', 6, '2017-06-18 01:02:24'),
	(32, 6, 1, 2, NULL, 4, 35.689634, 139.692101, '133002112301230313', 3, '2017-06-18 01:02:24'),
	(33, 3, 2, 2, 'This is a review.', 4, 35.685732, 139.689006, '133002112301232123', 3, '2017-06-18 01:02:24'),
	(34, 3, 10, 3, NULL, 4, 35.685732, 139.689006, '133002112301232122', 2, '2017-06-18 01:02:24'),
	(35, 4, 8, 4, NULL, 3, 35.685742, 139.688497, '133002112301232030', 5, '2017-06-18 01:02:24'),
	(36, 6, 7, 2, NULL, 3, 35.689634, 139.692101, '133002112301231203', 5, '2017-06-18 01:02:24'),
	(37, 1, 3, 3, NULL, 0, 35.687309, 139.689983, '133002112301231233', 4, '2017-06-18 01:02:24'),
	(38, 4, 4, NULL, NULL, 3, 35.685742, 139.688497, '133002112301233000', 5, '2017-06-18 01:02:24'),
	(39, 4, 6, 3, NULL, 3, 35.685742, 139.688497, '133002112301233021', 2, '2017-06-18 01:02:24'),
	(40, 4, 5, NULL, NULL, 3, 35.685742, 139.688497, '133002112301232120', 4, '2017-06-18 01:02:24'),
	(41, 4, 3, NULL, NULL, 3, 35.685742, 139.688497, '133002112301231223', 1, '2017-06-18 01:02:24'),
	(42, 3, 7, NULL, NULL, 0, 35.685732, 139.689006, '133002112301232121', 0, '2017-06-18 01:02:24'),
	(43, 2, 3, NULL, NULL, 1, 35.686451, 139.688969, '133002112301233011', 1, '2017-06-18 01:02:24'),
	(44, 5, 7, 2, NULL, 0, 35.686734, 139.68819, '133002112301230333', 2, '2017-06-18 01:02:24'),
	(45, 5, 12, 2, NULL, 4, 35.686734, 139.68819, '133002112301230033', 2, '2017-06-18 01:02:24'),
	(46, 4, 4, 2, NULL, 3, 35.685742, 139.688497, '133002112301232120', 1, '2017-06-18 01:02:24'),
	(47, 5, 12, 3, NULL, 2, 35.686734, 139.68819, '133002112301230032', 0, '2017-06-18 01:02:24'),
	(48, 3, 11, 3, NULL, 4, 35.685732, 139.689006, '133002112301232121', 3, '2017-06-18 01:02:25'),
	(49, 1, 6, 3, NULL, 0, 35.687309, 139.689983, '133002112301231232', 1, '2017-06-18 01:02:25'),
	(50, 2, 3, 3, NULL, 1, 35.686451, 139.688969, '133002112301230313', 2, '2017-06-18 01:02:25'),
	(51, 5, 6, 4, NULL, 1, 35.686734, 139.68819, '133002112301232131', 2, '2017-06-18 01:02:25'),
	(52, 3, 9, 3, 'これはレビューです。これはレビューです。これはレビューです。これはレビューです。これはレビューです。', 1, 35.685732, 139.689006, '133002112301231232', 0, '2017-06-18 01:02:25'),
	(53, 4, 4, 2, NULL, 3, 35.685742, 139.688497, '133002112301230332', 1, '2017-06-18 01:02:25'),
	(54, 4, 10, 3, NULL, 3, 35.685742, 139.688497, '133002112301232101', 1, '2017-06-18 01:02:25'),
	(55, 1, 1, 2, 'この店は普通です。', 0, 35.687309, 139.689983, '133002112301230230', 1, '2017-06-18 01:02:25'),
	(56, 6, 6, 3, NULL, 3, 35.689634, 139.692101, '133002112301231230', 1, '2017-06-18 01:02:25'),
	(57, 3, 11, NULL, NULL, 4, 35.685732, 139.689006, '133002112301231222', 1, '2017-06-18 01:02:25'),
	(58, 1, 1, NULL, NULL, 0, 35.687309, 139.689983, '133002112301233001', 1, '2017-06-18 01:02:25'),
	(59, 2, 3, NULL, NULL, 1, 35.686451, 139.688969, '133002112301233200', 2, '2017-06-18 01:02:25'),
	(60, 2, 1, 1, NULL, 1, 35.686451, 139.688969, '133002112301230333', 0, '2017-06-18 01:02:25'),
	(61, 3, 4, 3, NULL, 4, 35.685732, 139.689006, '133002112301232010', 1, '2017-06-18 01:02:25'),
	(62, 4, 9, 3, NULL, 3, 35.685742, 139.688497, '133002112301231232', 1, '2017-06-18 01:02:25'),
	(63, 3, 5, NULL, NULL, 1, 35.685732, 139.689006, '133002112301232122', 1, '2017-06-18 01:02:25'),
	(64, 6, 1, 3, NULL, 3, 35.689634, 139.692101, '133002112301230310', 2, '2017-06-18 01:02:25'),
	(65, 3, 5, 2, NULL, 4, 35.685732, 139.689006, '133002112301232101', 1, '2017-06-18 01:02:25'),
	(66, 2, 10, 3, NULL, 1, 35.686451, 139.688969, '133002112301231220', 2, '2017-06-18 01:02:25'),
	(67, 1, 1, 2, NULL, 0, 35.687309, 139.689983, '133002112301231203', 4, '2017-06-18 01:02:25'),
	(68, 5, 4, 3, 'This is a review.', 2, 35.686734, 139.68819, '133002112301232130', 1, '2017-06-18 01:02:25'),
	(69, 6, 11, 3, NULL, 3, 35.689634, 139.692101, '133002112301231123', 1, '2017-06-18 01:02:25'),
	(70, 2, 7, 3, NULL, 1, 35.686451, 139.688969, '133002112301230222', 0, '2017-06-18 01:02:25'),
	(71, 4, 6, 1, NULL, 3, 35.685742, 139.688497, '133002112301232121', 4, '2017-06-18 01:02:25'),
	(72, 4, 9, 3, NULL, 3, 35.685742, 139.688497, '133002112301232113', 1, '2017-06-18 01:02:25'),
	(73, 4, 8, NULL, NULL, 3, 35.685742, 139.688497, '133002112301232101', 0, '2017-06-18 01:02:25'),
	(74, 2, 2, 1, NULL, 1, 35.686451, 139.688969, '133002112301230322', 1, '2017-06-18 01:02:25'),
	(75, 4, 5, NULL, NULL, 3, 35.685742, 139.688497, '133002112301230223', 1, '2017-06-18 01:02:25'),
	(76, 6, 8, NULL, 'This is a review.', 4, 35.689634, 139.692101, '133002112301232113', 3, '2017-06-18 01:02:25'),
	(77, 3, 8, 2, NULL, 4, 35.685732, 139.689006, '133002112301231233', 2, '2017-06-18 01:02:25'),
	(78, 1, 3, 3, NULL, 0, 35.687309, 139.689983, '133002112301232110', 1, '2017-06-18 01:02:25'),
	(79, 3, 3, 3, NULL, 1, 35.685732, 139.689006, '133002112301232123', 0, '2017-06-18 01:02:25'),
	(80, 6, 4, NULL, NULL, 3, 35.689634, 139.692101, '133002112301230212', 0, '2017-06-18 01:02:25'),
	(81, 1, 8, NULL, NULL, 0, 35.687309, 139.689983, '133002112301230210', 0, '2017-06-18 01:02:25'),
	(82, 1, 3, 3, 'この店はまあまあです。', 0, 35.687309, 139.689983, '133002112301230321', 1, '2017-06-18 01:02:25'),
	(83, 1, 7, 3, NULL, 0, 35.687309, 139.689983, '133002112301230302', 0, '2017-06-18 01:02:25'),
	(84, 5, 7, 3, 'この店はまあまあです。', 0, 35.686734, 139.68819, '133002112301233010', 0, '2017-06-18 01:02:25'),
	(85, 6, 5, 4, NULL, 4, 35.689634, 139.692101, '133002112301230103', 1, '2017-06-18 01:02:25'),
	(86, 1, 7, NULL, NULL, 0, 35.687309, 139.689983, '133002112301231002', 1, '2017-06-18 01:02:25'),
	(87, 3, 8, NULL, NULL, 1, 35.685732, 139.689006, '133002112301232113', 1, '2017-06-18 01:02:25'),
	(88, 4, 7, 3, NULL, 3, 35.685742, 139.688497, '133002112301232111', 1, '2017-06-18 01:02:25'),
	(89, 1, 9, 4, NULL, 0, 35.687309, 139.689983, '133002112301233022', 0, '2017-06-18 01:02:25'),
	(90, 5, 10, NULL, NULL, 4, 35.686734, 139.68819, '133002112301232110', 1, '2017-06-18 01:02:25'),
	(91, 2, 6, 2, NULL, 1, 35.686451, 139.688969, '133002112301230323', 3, '2017-06-18 01:02:25'),
	(92, 3, 9, 3, NULL, 4, 35.685732, 139.689006, '133002112301233003', 0, '2017-06-18 01:02:25'),
	(93, 1, 4, 3, NULL, 0, 35.687309, 139.689983, '133002112301232011', 0, '2017-06-18 01:02:26'),
	(94, 5, 5, 3, NULL, 1, 35.686734, 139.68819, '133002112301230323', 1, '2017-06-18 01:02:26'),
	(95, 5, 4, 3, NULL, 0, 35.686734, 139.68819, '133002112301230230', 0, '2017-06-18 01:02:26'),
	(96, 4, 6, NULL, NULL, 3, 35.685742, 139.688497, '133002112301232102', 2, '2017-06-18 01:02:26'),
	(97, 1, 11, 3, NULL, 0, 35.687309, 139.689983, '133002112301233010', 0, '2017-06-18 01:02:26'),
	(98, 6, 8, NULL, NULL, 4, 35.689634, 139.692101, '133002112301230211', 1, '2017-06-18 01:02:26'),
	(99, 5, 3, 4, NULL, 0, 35.686734, 139.68819, '133002112301232121', 1, '2017-06-18 01:02:26'),
	(100, 1, 12, 1, NULL, 0, 35.687309, 139.689983, '133002112301230331', 1, '2017-06-18 01:02:26'),
	(101, 2, 5, 2, NULL, 1, 35.686451, 139.688969, '133002112301230323', 2, '2017-06-18 01:02:26'),
	(102, 3, 5, NULL, NULL, 4, 35.685732, 139.689006, '133002112301233021', 0, '2017-06-18 01:02:26'),
	(103, 6, 1, 4, 'This is a review.', 3, 35.689634, 139.692101, '133002112301230331', 0, '2017-06-18 01:02:26'),
	(104, 1, 2, 2, NULL, 0, 35.687309, 139.689983, '133002112301231301', 1, '2017-06-18 01:02:26'),
	(105, 3, 1, 4, NULL, 0, 35.685732, 139.689006, '133002112301230322', 1, '2017-06-18 01:02:26'),
	(106, 5, 11, NULL, NULL, 0, 35.686734, 139.68819, '133002112301231220', 0, '2017-06-18 01:02:26'),
	(107, 3, 6, NULL, NULL, 4, 35.685732, 139.689006, '133002112301232103', 1, '2017-06-18 01:02:26'),
	(108, 5, 11, 2, NULL, 3, 35.686734, 139.68819, '133002112301232110', 0, '2017-06-18 01:02:26'),
	(109, 5, 2, NULL, NULL, 2, 35.686734, 139.68819, '133002112301231222', 0, '2017-06-18 01:02:26'),
	(110, 6, 11, 3, NULL, 4, 35.689634, 139.692101, '133002112301231222', 4, '2017-06-18 01:02:26'),
	(111, 2, 4, 2, NULL, 1, 35.686451, 139.688969, '133002112301232113', 1, '2017-06-18 01:02:26'),
	(112, 4, 7, 2, NULL, 3, 35.685742, 139.688497, '133002112301233200', 0, '2017-06-18 01:02:26'),
	(113, 5, 10, 3, 'これはレビューです。これはレビューです。これはレビューです。これはレビューです。これはレビューです。', 1, 35.686734, 139.68819, '133002112301230232', 0, '2017-06-18 01:02:26'),
	(114, 5, 5, 3, NULL, 2, 35.686734, 139.68819, '133002112301231220', 0, '2017-06-18 01:02:26'),
	(115, 6, 10, 2, NULL, 4, 35.689634, 139.692101, '133002112301230321', 0, '2017-06-18 01:02:26'),
	(116, 2, 12, 3, NULL, 1, 35.686451, 139.688969, '133002112301230210', 0, '2017-06-18 01:02:26'),
	(117, 1, 11, 3, NULL, 0, 35.687309, 139.689983, '133002112301231322', 0, '2017-06-18 01:02:26'),
	(118, 5, 10, 3, NULL, 1, 35.686734, 139.68819, '133002112301232131', 0, '2017-06-18 01:02:26'),
	(119, 5, 7, NULL, NULL, 4, 35.686734, 139.68819, '133002112301230332', 2, '2017-06-18 01:02:26'),
	(120, 6, 12, 4, NULL, 3, 35.689634, 139.692101, '133002112301230332', 1, '2017-06-18 01:02:26'),
	(121, 1, 9, 3, NULL, 0, 35.687309, 139.689983, '133002112301230221', 2, '2017-06-18 01:02:26'),
	(122, 3, 8, 3, NULL, 4, 35.685732, 139.689006, '133002112301233003', 1, '2017-06-18 01:02:26'),
	(123, 4, 2, 3, NULL, 3, 35.685742, 139.688497, '133002112301231223', 1, '2017-06-18 01:02:26'),
	(124, 5, 10, NULL, NULL, 1, 35.686734, 139.68819, '133002112301230232', 1, '2017-06-18 01:02:26'),
	(125, 6, 7, 2, NULL, 4, 35.689634, 139.692101, '133002112301230312', 1, '2017-06-18 01:02:26'),
	(126, 3, 12, 2, NULL, 4, 35.685732, 139.689006, '133002112301232010', 2, '2017-06-18 01:02:26'),
	(127, 1, 12, NULL, NULL, 0, 35.687309, 139.689983, '133002112301233013', 0, '2017-06-18 01:02:26'),
	(128, 5, 9, NULL, NULL, 0, 35.686734, 139.68819, '133002112301232113', 0, '2017-06-18 01:02:26'),
	(129, 1, 11, 2, 'This is a review.', 0, 35.687309, 139.689983, '133002112301231232', 1, '2017-06-18 01:02:26'),
	(130, 5, 12, NULL, NULL, 2, 35.686734, 139.68819, '133002112301233001', 0, '2017-06-18 01:02:26'),
	(131, 1, 6, NULL, NULL, 0, 35.687309, 139.689983, '133002112301232113', 0, '2017-06-18 01:02:26'),
	(132, 1, 7, 2, NULL, 0, 35.687309, 139.689983, '133002112301233002', 1, '2017-06-18 01:02:26'),
	(133, 2, 8, 2, NULL, 1, 35.686451, 139.688969, '133002112301232112', 0, '2017-06-18 01:02:27'),
	(134, 3, 9, 2, NULL, 0, 35.685732, 139.689006, '133002112301232300', 2, '2017-06-18 01:02:27'),
	(135, 2, 11, NULL, NULL, 1, 35.686451, 139.688969, '133002112301232103', 1, '2017-06-18 01:02:27'),
	(136, 4, 9, 2, 'この店はまあまあです。', 3, 35.685742, 139.688497, '133002112301233031', 0, '2017-06-18 01:02:27'),
	(137, 4, 12, 2, NULL, 3, 35.685742, 139.688497, '133002112301232121', 1, '2017-06-18 01:02:27'),
	(138, 4, 2, NULL, NULL, 3, 35.685742, 139.688497, '133002112301232103', 1, '2017-06-18 01:02:27'),
	(139, 1, 2, 2, NULL, 0, 35.687309, 139.689983, '133002112301230212', 0, '2017-06-18 01:02:27'),
	(140, 1, 10, 3, NULL, 0, 35.687309, 139.689983, '133002112301232103', 1, '2017-06-18 01:02:27'),
	(141, 2, 1, 2, 'この店はまあまあです。', 1, 35.686451, 139.688969, '133002112301232010', 0, '2017-06-18 01:02:27'),
	(142, 1, 1, 2, NULL, 0, 35.687309, 139.689983, '133002112301233010', 0, '2017-06-18 01:02:27'),
	(143, 2, 3, 3, NULL, 1, 35.686451, 139.688969, '133002112301232013', 1, '2017-06-18 01:02:27'),
	(144, 1, 11, NULL, NULL, 0, 35.687309, 139.689983, '133002112301232112', 1, '2017-06-18 01:02:27'),
	(145, 6, 6, 2, NULL, 3, 35.689634, 139.692101, '133002112301231303', 1, '2017-06-18 01:02:27'),
	(146, 1, 4, 2, NULL, 0, 35.687309, 139.689983, '133002112301230302', 2, '2017-06-18 01:02:27'),
	(147, 1, 5, NULL, NULL, 0, 35.687309, 139.689983, '133002112301230230', 0, '2017-06-18 01:02:27'),
	(148, 5, 3, 3, NULL, 0, 35.686734, 139.68819, '133002112301232013', 2, '2017-06-18 01:02:27'),
	(149, 3, 7, 3, NULL, 4, 35.685732, 139.689006, '133002112301232103', 2, '2017-06-18 01:02:27'),
	(150, 5, 2, 2, NULL, 0, 35.686734, 139.68819, '133002112301232113', 2, '2017-06-18 01:02:27'),
	(151, 6, 5, NULL, NULL, 4, 35.689634, 139.692101, '133002112301230311', 1, '2017-06-18 01:02:27'),
	(152, 1, 3, 1, NULL, 0, 35.687309, 139.689983, '133002112301232112', 0, '2017-06-18 01:02:27'),
	(153, 3, 5, NULL, NULL, 0, 35.685732, 139.689006, '133002112301233000', 0, '2017-06-18 01:02:27'),
	(154, 4, 4, 3, NULL, 3, 35.685742, 139.688497, '133002112301232121', 1, '2017-06-18 01:02:27'),
	(155, 6, 1, 3, 'これはレビューです。これはレビューです。これはレビューです。これはレビューです。これはレビューです。', 4, 35.689634, 139.692101, '133002112301230311', 0, '2017-06-18 01:02:27'),
	(156, 1, 5, NULL, NULL, 0, 35.687309, 139.689983, '133002112301230211', 3, '2017-06-18 01:02:27'),
	(157, 6, 12, 3, NULL, 3, 35.689634, 139.692101, '133002112301231130', 2, '2017-06-18 01:02:27'),
	(158, 3, 8, 2, NULL, 0, 35.685732, 139.689006, '133002112301232030', 0, '2017-06-18 01:02:27'),
	(159, 6, 11, 3, NULL, 4, 35.689634, 139.692101, '133002112301231032', 1, '2017-06-18 01:02:27'),
	(160, 6, 8, NULL, NULL, 3, 35.689634, 139.692101, '133002112301230333', 1, '2017-06-18 01:02:27'),
	(161, 5, 2, 1, NULL, 3, 35.686734, 139.68819, '133002112301230333', 0, '2017-06-18 01:02:27'),
	(162, 2, 5, 2, NULL, 1, 35.686451, 139.688969, '133002112301233000', 1, '2017-06-18 01:02:27'),
	(163, 1, 11, NULL, NULL, 0, 35.687309, 139.689983, '133002112301232103', 0, '2017-06-18 01:02:27'),
	(164, 5, 2, NULL, NULL, 3, 35.686734, 139.68819, '133002112301232130', 3, '2017-06-18 01:02:27'),
	(165, 2, 6, 3, NULL, 1, 35.686451, 139.688969, '133002112301232121', 1, '2017-06-18 01:02:27'),
	(166, 2, 11, 2, NULL, 1, 35.686451, 139.688969, '133002112301230330', 1, '2017-06-18 01:02:27'),
	(167, 4, 6, 2, 'この店はまあまあです。', 3, 35.685742, 139.688497, '133002112301232021', 0, '2017-06-18 01:02:27'),
	(168, 4, 12, 3, NULL, 3, 35.685742, 139.688497, '133002112301232101', 0, '2017-06-18 01:02:28'),
	(169, 1, 1, NULL, NULL, 0, 35.687309, 139.689983, '133002112301232013', 1, '2017-06-18 01:02:28'),
	(170, 6, 11, 3, NULL, 3, 35.689634, 139.692101, '133002112301232110', 0, '2017-06-18 01:02:28'),
	(171, 4, 10, NULL, NULL, 3, 35.685742, 139.688497, '133002112301230220', 0, '2017-06-18 01:02:28'),
	(172, 4, 5, 3, NULL, 3, 35.685742, 139.688497, '133002112301232010', 1, '2017-06-18 01:02:28'),
	(173, 4, 12, NULL, NULL, 3, 35.685742, 139.688497, '133002112301231213', 2, '2017-06-18 01:02:28'),
	(174, 1, 3, 3, 'This is a review.', 0, 35.687309, 139.689983, '133002112301230233', 2, '2017-06-18 01:02:28'),
	(175, 4, 10, NULL, NULL, 3, 35.685742, 139.688497, '133002112301232032', 2, '2017-06-18 01:02:28'),
	(176, 6, 3, 2, NULL, 4, 35.689634, 139.692101, '133002112301230103', 0, '2017-06-18 01:02:28'),
	(177, 5, 6, NULL, NULL, 1, 35.686734, 139.68819, '133002112301232101', 2, '2017-06-18 01:02:28'),
	(178, 5, 6, 3, NULL, 0, 35.686734, 139.68819, '133002112301232123', 1, '2017-06-18 01:02:28'),
	(179, 5, 9, 2, NULL, 1, 35.686734, 139.68819, '133002112301230210', 1, '2017-06-18 01:02:28'),
	(180, 2, 6, 3, NULL, 1, 35.686451, 139.688969, '133002112301233000', 2, '2017-06-18 01:02:28'),
	(181, 1, 3, 2, NULL, 0, 35.687309, 139.689983, '133002112301232113', 1, '2017-06-18 01:02:28'),
	(182, 5, 12, NULL, 'This is a review.', 4, 35.686734, 139.68819, '133002112301232111', 0, '2017-06-18 01:02:28'),
	(183, 5, 3, 1, 'この店は普通です。', 1, 35.686734, 139.68819, '133002112301230232', 2, '2017-06-18 01:02:28'),
	(184, 3, 7, NULL, NULL, 0, 35.685732, 139.689006, '133002112301231030', 1, '2017-06-18 01:02:28'),
	(185, 3, 3, NULL, NULL, 1, 35.685732, 139.689006, '133002112301232130', 0, '2017-06-18 01:02:28'),
	(186, 3, 3, 3, NULL, 4, 35.685732, 139.689006, '133002112301230210', 1, '2017-06-18 01:02:28'),
	(187, 4, 10, 4, NULL, 3, 35.685742, 139.688497, '133002112301232300', 1, '2017-06-18 01:02:28'),
	(188, 1, 7, NULL, NULL, 0, 35.687309, 139.689983, '133002112301232102', 1, '2017-06-18 01:02:28'),
	(189, 4, 1, NULL, NULL, 3, 35.685742, 139.688497, '133002112301233003', 0, '2017-06-18 01:02:28'),
	(190, 2, 8, NULL, NULL, 1, 35.686451, 139.688969, '133002112301230322', 1, '2017-06-18 01:02:28'),
	(191, 2, 4, NULL, NULL, 1, 35.686451, 139.688969, '133002112301230332', 1, '2017-06-18 01:02:28'),
	(192, 5, 2, 3, NULL, 2, 35.686734, 139.68819, '133002112301230232', 0, '2017-06-18 01:02:28'),
	(193, 4, 11, NULL, NULL, 3, 35.685742, 139.688497, '133002112301230332', 0, '2017-06-18 01:02:28'),
	(194, 2, 11, 3, NULL, 1, 35.686451, 139.688969, '133002112301232123', 0, '2017-06-18 01:02:28'),
	(195, 3, 11, NULL, 'この店はまあまあです。', 0, 35.685732, 139.689006, '133002112301231212', 2, '2017-06-18 01:02:28'),
	(196, 4, 4, 2, NULL, 3, 35.685742, 139.688497, '133002112301232311', 0, '2017-06-18 01:02:28'),
	(197, 3, 8, NULL, NULL, 0, 35.685732, 139.689006, '133002112301232110', 5, '2017-06-18 01:02:28'),
	(198, 2, 8, 1, NULL, 1, 35.686451, 139.688969, '133002112301233021', 0, '2017-06-18 01:02:28'),
	(199, 1, 2, 3, NULL, 0, 35.687309, 139.689983, '133002112301233001', 2, '2017-06-18 01:02:28'),
	(200, 3, 6, NULL, NULL, 4, 35.685732, 139.689006, '133002112301233200', 1, '2017-06-18 01:02:28');


INSERT INTO likes (review_id, shop_id, liked_at)
VALUES
	(1, 1, NULL),
	(1, 2, NULL),
	(1, 4, NULL),
	(1, 5, NULL),
	(1, 6, NULL),
	(1, 7, NULL),
	(1, 8, NULL),
	(1, 9, NULL),
	(1, 10, NULL),
	(1, 11, NULL),
	(2, 1, NULL),
	(2, 2, NULL),
	(2, 4, NULL),
	(2, 5, NULL),
	(2, 6, NULL),
	(2, 7, NULL),
	(2, 8, NULL),
	(2, 9, NULL),
	(2, 10, NULL),
	(2, 11, NULL),
	(3, 2, NULL),
	(3, 3, NULL),
	(3, 5, NULL),
	(3, 6, NULL),
	(3, 9, NULL),
	(3, 11, NULL),
	(4, 1, NULL),
	(4, 3, NULL),
	(4, 4, NULL),
	(4, 7, NULL),
	(4, 8, NULL),
	(4, 9, NULL),
	(4, 11, NULL),
	(5, 3, NULL),
	(5, 5, NULL),
	(5, 6, NULL),
	(5, 8, NULL),
	(5, 10, NULL),
	(6, 2, NULL),
	(6, 3, NULL),
	(6, 4, NULL),
	(6, 7, NULL),
	(6, 10, NULL),
	(6, 11, NULL),
	(7, 1, NULL),
	(7, 4, NULL),
	(7, 5, NULL),
	(7, 7, NULL),
	(7, 9, NULL),
	(7, 10, NULL),
	(8, 1, NULL),
	(8, 2, NULL),
	(8, 3, NULL),
	(8, 5, NULL),
	(8, 9, NULL),
	(8, 11, NULL),
	(9, 1, NULL),
	(9, 2, NULL),
	(9, 3, NULL),
	(9, 5, NULL),
	(9, 6, NULL),
	(9, 8, NULL),
	(9, 10, NULL),
	(9, 11, NULL),
	(10, 1, NULL),
	(10, 2, NULL),
	(10, 3, NULL),
	(10, 5, NULL),
	(10, 6, NULL),
	(10, 8, NULL),
	(10, 9, NULL),
	(10, 10, NULL),
	(28, 5, NULL),
	(50, 3, NULL),
	(85, 8, NULL),
	(115, 5, NULL),
	(117, 4, NULL),
	(123, 1, NULL),
	(127, 5, NULL),
	(130, 2, NULL),
	(144, 1, NULL),
	(153, 6, NULL),
	(176, 1, NULL),
	(176, 10, NULL),
	(188, 5, NULL);

COMMIT;
