BEGIN;

INSERT INTO user (user_id)
VALUES (1), (2), (3), (4), (5), (6), (7), (8), (9), (10), (11), (12);

INSERT INTO authentication (user_id, email, password, token)
VALUES
	(1, 'hoge@example.com', '$2y$10$ulqpqhnysOSiV1CiFlFMXeSC2vl4YzT7wNUtUAYmPF/GqGxuZSyAm', 'abcdef123456789'),
	(2, 'hoge+1@example.com', '$2y$10$ulqpqhnysOSiV1CiFlFMXeSC2vl4YzT7wNUtUAYmPF/GqGxuZSyAm',
	 '01ba4719c80b6fe911b091a7c05124b64eeece964e09c058ef8f9805daca546b'),
	(3, 'hoge+2@example.com', '$2y$10$ulqpqhnysOSiV1CiFlFMXeSC2vl4YzT7wNUtUAYmPF/GqGxuZSyAm',
	 'bbc9d7c7640f72a3243de927fecfa76b396fe0f9e75ba1ad5ba28cc8c6e1446c'),
	(4, 'hoge+3@example.com', '$2y$10$ulqpqhnysOSiV1CiFlFMXeSC2vl4YzT7wNUtUAYmPF/GqGxuZSyAm',
	 '2e0390eb024a52963db7b95e84a9c2b12c004054a7bad9a97ec0c7c89d4681d2'),
	(5, 'hoge+4@example.com', '$2y$10$ulqpqhnysOSiV1CiFlFMXeSC2vl4YzT7wNUtUAYmPF/GqGxuZSyAm',
	 'e712aff3705ac314b9a890e0ec208faa20054eee514d86ab913d768f94e01279'),
	(6, 'hoge+5@example.com', '$2y$10$ulqpqhnysOSiV1CiFlFMXeSC2vl4YzT7wNUtUAYmPF/GqGxuZSyAm',
	 'e712aff3705ac314b9a890e0ec208faa20054eee514d86ab913d768f94e01278'),
	(7, 'hoge+6@example.com', '$2y$10$ulqpqhnysOSiV1CiFlFMXeSC2vl4YzT7wNUtUAYmPF/GqGxuZSyAm',
	 'e712aff3705ac314b9a890e0ec208faa20054eee514d86ab913d768f94e01280'),
	(8, 'hoge+7@example.com', '$2y$10$ulqpqhnysOSiV1CiFlFMXeSC2vl4YzT7wNUtUAYmPF/GqGxuZSyAm',
	 'e712aff3705ac314b9a890e0ec208faa20054eee514d86ab913d768f94e01289'),
	(9, 'hoge+8@example.com', '$2y$10$ulqpqhnysOSiV1CiFlFMXeSC2vl4YzT7wNUtUAYmPF/GqGxuZSyAm',
	 'e712aff3705ac314b9a890e0ec208faa20054eee514d86ab913d768f94e01379'),
	(10, 'hoge+9@example.com', '$2y$10$ulqpqhnysOSiV1CiFlFMXeSC2vl4YzT7wNUtUAYmPF/GqGxuZSyAm',
	 'e712aff3705ac314b9a890e0ec208faa20054eee514d86ab913d768f94e01179'),
	(11, 'hoge+10@example.com', '$2y$10$ulqpqhnysOSiV1CiFlFMXeSC2vl4YzT7wNUtUAYmPF/GqGxuZSyAm',
	 'e712aff3705ac314b9a890e0ec208faa20054eee514d86ab913d768f94e01479'),
	(12, 'hoge+11@example.com', '$2y$10$ulqpqhnysOSiV1CiFlFMXeSC2vl4YzT7wNUtUAYmPF/GqGxuZSyAm',
	 'e712aff3705ac314b9a890e0ec208faa20054eee514d86ab913d768f94e01579');

INSERT INTO shop (shop_id, name, open_time, close_time, address, latitude, longitude, geom_hash)
VALUES
	(1, 'おいしいケーキ デ・リ・シャス', '10:00:00', '20:00:00', '東京都百代田区百代田1-1-1', 35.697372, 139.750131, '133002112310202210'),
	(2, 'mystery of crepe', NULL, NULL, '東京都新宿区西新宿4-33-4', 35.686451, 139.688969, '133002112301230312'),
	(3, 'Liebesknochen', '11:00:00', '13:30:00', '東京都新宿区西新宿3-11-20', 35.685732, 139.689006, '133002112301230330'),
	(4, '和菓子総本家', '08:00:00', '18:00:00', '東京都新宿区西新宿4-34-10', 35.685742, 139.688497, '133002112301230330'),
	(5, 'スイーツパラリシス', '09:00:00', '24:00:00', '東京都新宿区西新宿4-34-26', 35.686734, 139.68819, '133002112301230303'),
	(6, '百合華 東京都庁店', NULL, NULL, '東京都新宿区西新宿2-8-1', 35.689634, 139.692101, '133002112301231022');

INSERT INTO review (review_id, shop_id, user_id, rating, review_text, sweet_type, latitude, longitude, geom_hash, `like`, `reviewed_at`)
VALUES
	(1, 1, 1, 4, 'これはレビューです。これはレビューです。これはレビューです。これはレビューです。これはレビューです。', 1, 35.697365, 139.750128, '133002112310202210',
		11, '2017-06-17 16:00:00'),
	(2, 4, 2, 3, NULL, 1, 35.685742, 139.688497, '133002112301230332', 10, '2017-06-17 19:38:18'),
	(3, 2, 3, 2, NULL, 3, 35.686451, 139.688969, '133002112301230331', 8, '2017-06-17 19:38:18'),
	(4, 5, 3, NULL, NULL, 1, 35.686734, 139.68819, '133002112301230320', 8, '2017-06-17 19:38:18'),
	(5, 5, 1, 3, NULL, 5, 35.686734, 139.68819, '133002112301230332', 10, '2017-06-17 19:38:18'),
	(6, 1, 4, 3, NULL, 5, 35.697372, 139.750131, '133002112310202213', 6, '2017-06-17 19:38:18'),
	(7, 6, 4, 3, NULL, 2, 35.689634, 139.692101, '133002112301230311', 9, '2017-06-17 19:38:18'),
	(8, 2, 3, 3, NULL, 2, 35.686451, 139.688969, '133002112301230321', 10, '2017-06-17 19:38:18'),
	(9, 6, 2, 2, 'この店は普通です。', 1, 35.689634, 139.692101, '133002112301231201', 10, '2017-06-17 19:38:18'),
	(10, 5, 2, 3, NULL, 4, 35.686734, 139.68819, '133002112301230332', 9, '2017-06-17 19:38:18'),
	(11, 3, 3, 3, 'これはレビューです。これはレビューです。これはレビューです。これはレビューです。これはレビューです。', 3, 35.685732, 139.689006, '133002112301230323', 7, '2017-06-17 19:38:18'),
	(12, 1, 1, 3, NULL, 2, 35.697372, 139.750131, '133002112310202212', 2, '2017-06-17 19:38:18'),
	(13, 2, 2, 3, NULL, 2, 35.686451, 139.688969, '133002112301230330', 3, '2017-06-17 19:38:18'),
	(14, 3, 2, NULL, NULL, 1, 35.685732, 139.689006, '133002112301230333', 3, '2017-06-17 19:38:18'),
	(15, 3, 3, 2, NULL, 3, 35.685732, 139.689006, '133002112301230321', 6, '2017-06-17 19:38:18'),
	(16, 6, 4, 2, NULL, 2, 35.689634, 139.692101, '133002112301231023', 5, '2017-06-17 19:38:18'),
	(17, 2, 3, 3, NULL, 1, 35.686451, 139.688969, '133002112301230330', 6, '2017-06-17 19:38:18'),
	(18, 4, 3, 3, 'This is a review.', 3, 35.685742, 139.688497, '133002112301230332', 3, '2017-06-17 19:38:19'),
	(19, 2, 4, 3, NULL, 2, 35.686451, 139.688969, '133002112301230323', 4, '2017-06-17 19:38:19'),
	(20, 2, 4, NULL, NULL, 4, 35.686451, 139.688969, '133002112301230321', 5, '2017-06-17 19:38:19'),
	(21, 6, 4, NULL, NULL, 3, 35.689634, 139.692101, '133002112301230133', 6, '2017-06-17 19:38:19'),
	(22, 3, 1, NULL, 'This is a review.', 3, 35.685732, 139.689006, '133002112301230323', 5, '2017-06-17 19:38:19'),
	(23, 5, 2, 3, 'この店は普通です。', 1, 35.686734, 139.68819, '133002112301230332', 6, '2017-06-17 19:38:19'),
	(24, 4, 1, 2, NULL, 3, 35.685742, 139.688497, '133002112301230321', 2, '2017-06-17 19:38:19'),
	(25, 2, 4, NULL, NULL, 2, 35.686451, 139.688969, '133002112301230313', 5, '2017-06-17 19:38:19'),
	(26, 3, 2, 3, NULL, 5, 35.685732, 139.689006, '133002112301231220', 3, '2017-06-17 19:38:19'),
	(27, 4, 3, 2, NULL, 5, 35.685742, 139.688497, '133002112301230323', 6, '2017-06-17 19:38:19'),
	(28, 6, 1, 3, NULL, 4, 35.689634, 139.692101, '133002112301231200', 4, '2017-06-17 19:38:19'),
	(29, 6, 4, NULL, NULL, 5, 35.689634, 139.692101, '133002112301230311', 5, '2017-06-17 19:38:19'),
	(30, 5, 1, 3, NULL, 1, 35.686734, 139.68819, '133002112301230330', 5, '2017-06-17 19:38:19'),
	(31, 6, 1, NULL, NULL, 2, 35.689634, 139.692101, '133002112301231022', 3, '2017-06-17 19:38:19'),
	(32, 6, 1, 2, NULL, 4, 35.689634, 139.692101, '133002112301231200', 5, '2017-06-17 19:38:19'),
	(33, 5, 4, 2, NULL, 3, 35.686734, 139.68819, '133002112301230330', 8, '2017-06-17 19:38:19'),
	(34, 3, 4, NULL, NULL, 1, 35.685732, 139.689006, '133002112301232101', 7, '2017-06-17 19:38:19'),
	(35, 4, 2, 3, NULL, 1, 35.685742, 139.688497, '133002112301230322', 2, '2017-06-17 19:38:19'),
	(36, 3, 3, 2, NULL, 1, 35.685732, 139.689006, '133002112301232110', 7, '2017-06-17 19:38:19'),
	(37, 3, 3, NULL, 'この店は普通です。', 4, 35.685732, 139.689006, '133002112301232111', 5, '2017-06-17 19:38:19'),
	(38, 6, 2, NULL, NULL, 3, 35.689634, 139.692101, '133002112301231201', 6, '2017-06-17 19:38:19'),
	(39, 4, 2, NULL, NULL, 5, 35.685742, 139.688497, '133002112301230331', 6, '2017-06-17 19:38:19'),
	(40, 1, 4, NULL, NULL, 3, 35.697372, 139.750131, '133002112310202210', 2, '2017-06-17 19:38:19'),
	(41, 2, 3, 4, NULL, 4, 35.686451, 139.688969, '133002112301230330', 2, '2017-06-17 19:38:19'),
	(42, 2, 3, 2, NULL, 4, 35.686451, 139.688969, '133002112301230313', 2, '2017-06-17 19:38:19'),
	(43, 2, 3, NULL, NULL, 5, 35.686451, 139.688969, '133002112301230331', 0, '2017-06-17 19:38:19'),
	(44, 4, 2, 2, 'この店はまあまあです。', 1, 35.685742, 139.688497, '133002112301230320', 0, '2017-06-17 19:38:19'),
	(45, 1, 2, 3, NULL, 1, 35.697372, 139.750131, '133002112310202201', 1, '2017-06-17 19:38:19'),
	(46, 3, 3, 1, NULL, 4, 35.685732, 139.689006, '133002112301230333', 3, '2017-06-17 19:38:19'),
	(47, 2, 2, 2, NULL, 5, 35.686451, 139.688969, '133002112301230321', 1, '2017-06-17 19:38:19'),
	(48, 1, 1, 3, NULL, 4, 35.697372, 139.750131, '133002112310202210', 1, '2017-06-17 19:38:19'),
	(49, 2, 4, 2, NULL, 2, 35.686451, 139.688969, '133002112301230332', 1, '2017-06-17 19:38:19'),
	(50, 1, 1, 2, NULL, 1, 35.697372, 139.750131, '133002112310202210', 2, '2017-06-17 19:38:19'),
	(51, 6, 3, 2, NULL, 5, 35.689634, 139.692101, '133002112301231022', 2, '2017-06-17 19:38:19'),
	(52, 1, 2, 3, NULL, 5, 35.697372, 139.750131, '133002112310202212', 0, '2017-06-17 19:38:19'),
	(53, 4, 4, 2, NULL, 5, 35.685742, 139.688497, '133002112301230323', 3, '2017-06-17 19:38:19'),
	(54, 4, 2, 2, NULL, 1, 35.685742, 139.688497, '133002112301230332', 3, '2017-06-17 19:38:19'),
	(55, 1, 3, 3, NULL, 1, 35.697372, 139.750131, '133002112310202211', 1, '2017-06-17 19:38:19'),
	(56, 1, 2, 3, NULL, 4, 35.697372, 139.750131, '133002112310202210', 1, '2017-06-17 19:38:19'),
	(57, 1, 2, NULL, NULL, 1, 35.697372, 139.750131, '133002112310202211', 2, '2017-06-17 19:38:19'),
	(58, 6, 4, 3, NULL, 2, 35.689634, 139.692101, '133002112301231201', 2, '2017-06-17 19:38:19'),
	(59, 6, 2, NULL, NULL, 2, 35.689634, 139.692101, '133002112301231200', 0, '2017-06-17 19:38:19'),
	(60, 4, 3, NULL, NULL, 2, 35.685742, 139.688497, '133002112301230332', 1, '2017-06-17 19:38:19'),
	(61, 6, 4, NULL, 'これはレビューです。これはレビューです。これはレビューです。これはレビューです。これはレビューです。', 3, 35.689634, 139.692101, '133002112301231201', 2, '2017-06-17 19:38:19'),
	(62, 4, 4, 2, NULL, 2, 35.685742, 139.688497, '133002112301230332', 0, '2017-06-17 19:38:19'),
	(63, 1, 2, 3, NULL, 1, 35.697372, 139.750131, '133002112310202211', 0, '2017-06-17 19:38:20'),
	(64, 6, 3, NULL, NULL, 5, 35.689634, 139.692101, '133002112301231022', 1, '2017-06-17 19:38:20'),
	(65, 4, 4, 2, NULL, 4, 35.685742, 139.688497, '133002112301232101', 0, '2017-06-17 19:38:20'),
	(66, 2, 4, 3, NULL, 1, 35.686451, 139.688969, '133002112301230330', 1, '2017-06-17 19:38:20'),
	(67, 3, 1, NULL, NULL, 3, 35.685732, 139.689006, '133002112301230323', 0, '2017-06-17 19:38:20'),
	(68, 4, 3, 3, NULL, 1, 35.685742, 139.688497, '133002112301230323', 1, '2017-06-17 19:38:20'),
	(69, 6, 3, NULL, NULL, 2, 35.689634, 139.692101, '133002112301230132', 0, '2017-06-17 19:38:20'),
	(70, 5, 3, 2, NULL, 2, 35.686734, 139.68819, '133002112301230321', 0, '2017-06-17 19:38:20'),
	(71, 3, 4, NULL, NULL, 4, 35.685732, 139.689006, '133002112301230333', 0, '2017-06-17 19:38:20'),
	(72, 5, 3, 2, NULL, 5, 35.686734, 139.68819, '133002112301230330', 0, '2017-06-17 19:38:20'),
	(73, 3, 1, 3, NULL, 5, 35.685732, 139.689006, '133002112301230332', 1, '2017-06-17 19:38:20'),
	(74, 4, 3, 3, NULL, 1, 35.685742, 139.688497, '133002112301230332', 1, '2017-06-17 19:38:20'),
	(75, 6, 2, NULL, 'この店はまあまあです。', 2, 35.689634, 139.692101, '133002112301231023', 1, '2017-06-17 19:38:20'),
	(76, 6, 1, 3, NULL, 3, 35.689634, 139.692101, '133002112301230133', 0, '2017-06-17 19:38:20'),
	(77, 3, 2, NULL, NULL, 1, 35.685732, 139.689006, '133002112301230323', 1, '2017-06-17 19:38:20'),
	(78, 4, 3, 2, NULL, 5, 35.685742, 139.688497, '133002112301230332', 0, '2017-06-17 19:38:20'),
	(79, 1, 4, 2, 'この店はまあまあです。', 3, 35.697372, 139.750131, '133002112310202213', 0, '2017-06-17 19:38:20'),
	(80, 4, 1, NULL, NULL, 5, 35.685742, 139.688497, '133002112301230333', 0, '2017-06-17 19:38:20'),
	(81, 4, 1, 3, NULL, 1, 35.685742, 139.688497, '133002112301230323', 2, '2017-06-17 19:38:20'),
	(82, 4, 3, 3, NULL, 2, 35.685742, 139.688497, '133002112301230323', 2, '2017-06-17 19:38:20'),
	(83, 1, 3, 4, NULL, 1, 35.697372, 139.750131, '133002112310202211', 0, '2017-06-17 19:38:20'),
	(84, 3, 1, NULL, NULL, 2, 35.685732, 139.689006, '133002112301230333', 0, '2017-06-17 19:38:20'),
	(85, 2, 3, 1, 'この店は普通です。', 3, 35.686451, 139.688969, '133002112301230332', 1, '2017-06-17 19:38:20'),
	(86, 4, 2, 3, NULL, 1, 35.685742, 139.688497, '133002112301230332', 2, '2017-06-17 19:38:20'),
	(87, 5, 3, 2, 'This is a review.', 5, 35.686734, 139.68819, '133002112301230321', 0, '2017-06-17 19:38:20'),
	(88, 6, 3, 3, NULL, 3, 35.689634, 139.692101, '133002112301231023', 2, '2017-06-17 19:38:20'),
	(89, 3, 3, NULL, NULL, 5, 35.685732, 139.689006, '133002112301230333', 1, '2017-06-17 19:38:20'),
	(90, 2, 1, NULL, NULL, 5, 35.686451, 139.688969, '133002112301230332', 1, '2017-06-17 19:38:20'),
	(91, 5, 2, 2, NULL, 5, 35.686734, 139.68819, '133002112301230330', 0, '2017-06-17 19:38:20'),
	(92, 3, 3, NULL, NULL, 5, 35.685732, 139.689006, '133002112301230333', 0, '2017-06-17 19:38:20'),
	(93, 2, 1, NULL, NULL, 3, 35.686451, 139.688969, '133002112301230321', 1, '2017-06-17 19:38:20'),
	(94, 5, 3, 3, NULL, 4, 35.686734, 139.68819, '133002112301230312', 0, '2017-06-17 19:38:20'),
	(95, 4, 3, NULL, NULL, 5, 35.685742, 139.688497, '133002112301230332', 0, '2017-06-17 19:38:20'),
	(96, 1, 3, NULL, NULL, 5, 35.697372, 139.750131, '133002112310202210', 0, '2017-06-17 19:38:20'),
	(97, 1, 1, NULL, 'この店は普通です。', 2, 35.697372, 139.750131, '133002112310202213', 0, '2017-06-17 19:38:20'),
	(98, 5, 2, 1, NULL, 1, 35.686734, 139.68819, '133002112301230330', 0, '2017-06-17 19:38:20'),
	(99, 6, 4, 3, NULL, 4, 35.689634, 139.692101, '133002112301231022', 1, '2017-06-17 19:38:20'),
	(100, 4, 4, 2, NULL, 3, 35.685742, 139.688497, '133002112301230323', 0, '2017-06-17 19:38:20'),
	(101, 4, 3, NULL, 'この店はまあまあです。', 3, 35.685742, 139.688497, '133002112301230332', 0, '2017-06-17 19:38:20'),
	(102, 6, 2, NULL, NULL, 1, 35.689634, 139.692101, '133002112301230311', 2, '2017-06-17 19:38:20'),
	(103, 4, 3, 2, NULL, 5, 35.685742, 139.688497, '133002112301230321', 1, '2017-06-17 19:38:20'),
	(104, 3, 3, 2, NULL, 2, 35.685732, 139.689006, '133002112301230331', 4, '2017-06-17 19:38:20'),
	(105, 2, 2, 3, NULL, 3, 35.686451, 139.688969, '133002112301230330', 1, '2017-06-17 19:38:20'),
	(106, 3, 4, 2, NULL, 2, 35.685732, 139.689006, '133002112301230332', 1, '2017-06-17 19:38:20'),
	(107, 3, 2, 3, NULL, 2, 35.685732, 139.689006, '133002112301230321', 1, '2017-06-17 19:38:20'),
	(108, 1, 4, 3, NULL, 1, 35.697372, 139.750131, '133002112310202213', 2, '2017-06-17 19:38:21'),
	(109, 6, 4, NULL, NULL, 4, 35.689634, 139.692101, '133002112301231023', 1, '2017-06-17 19:38:21'),
	(110, 3, 4, 2, NULL, 1, 35.685732, 139.689006, '133002112301230332', 2, '2017-06-17 19:38:21'),
	(111, 1, 3, NULL, NULL, 2, 35.697372, 139.750131, '133002112310202201', 1, '2017-06-17 19:38:21'),
	(112, 4, 2, NULL, NULL, 5, 35.685742, 139.688497, '133002112301230323', 0, '2017-06-17 19:38:21'),
	(113, 4, 1, 4, NULL, 4, 35.685742, 139.688497, '133002112301232110', 2, '2017-06-17 19:38:21'),
	(114, 2, 1, 2, NULL, 5, 35.686451, 139.688969, '133002112301230330', 0, '2017-06-17 19:38:21'),
	(115, 2, 3, 3, NULL, 3, 35.686451, 139.688969, '133002112301230321', 1, '2017-06-17 19:38:21'),
	(116, 3, 4, NULL, NULL, 3, 35.685732, 139.689006, '133002112301230323', 1, '2017-06-17 19:38:21'),
	(117, 3, 2, NULL, NULL, 4, 35.685732, 139.689006, '133002112301230332', 2, '2017-06-17 19:38:21'),
	(118, 5, 1, 2, NULL, 2, 35.686734, 139.68819, '133002112301230321', 0, '2017-06-17 19:38:21'),
	(119, 3, 1, 3, 'この店はまあまあです。', 1, 35.685732, 139.689006, '133002112301230331', 1, '2017-06-17 19:38:21'),
	(120, 1, 3, 3, NULL, 4, 35.697372, 139.750131, '133002112310202201', 1, '2017-06-17 19:38:21'),
	(121, 4, 2, NULL, NULL, 4, 35.685742, 139.688497, '133002112301230332', 0, '2017-06-17 19:38:21'),
	(122, 3, 3, NULL, NULL, 4, 35.685732, 139.689006, '133002112301230332', 1, '2017-06-17 19:38:21'),
	(123, 1, 3, 2, NULL, 2, 35.697372, 139.750131, '133002112310202210', 1, '2017-06-17 19:38:21'),
	(124, 6, 3, 3, NULL, 4, 35.689634, 139.692101, '133002112301230311', 0, '2017-06-17 19:38:21'),
	(125, 4, 4, NULL, 'これはレビューです。これはレビューです。これはレビューです。これはレビューです。これはレビューです。', 3, 35.685742, 139.688497, '133002112301230332', 2, '2017-06-17 19:38:21'),
	(126, 1, 3, 2, 'この店はまあまあです。', 3, 35.697372, 139.750131, '133002112310202212', 2, '2017-06-17 19:38:21'),
	(127, 5, 4, 2, NULL, 5, 35.686734, 139.68819, '133002112301230321', 0, '2017-06-17 19:38:21'),
	(128, 5, 4, 2, 'これはレビューです。これはレビューです。これはレビューです。これはレビューです。これはレビューです。', 5, 35.686734, 139.68819, '133002112301230320', 0, '2017-06-17 19:38:21'),
	(129, 2, 4, NULL, NULL, 2, 35.686451, 139.688969, '133002112301230332', 1, '2017-06-17 19:38:21'),
	(130, 2, 3, 2, NULL, 3, 35.686451, 139.688969, '133002112301230330', 1, '2017-06-17 19:38:21'),
	(131, 6, 4, NULL, NULL, 4, 35.689634, 139.692101, '133002112301231022', 1, '2017-06-17 19:38:21'),
	(132, 3, 4, NULL, NULL, 5, 35.685732, 139.689006, '133002112301230333', 1, '2017-06-17 19:38:21'),
	(133, 2, 3, NULL, NULL, 2, 35.686451, 139.688969, '133002112301230330', 1, '2017-06-17 19:38:21'),
	(134, 4, 2, 3, NULL, 4, 35.685742, 139.688497, '133002112301230332', 2, '2017-06-17 19:38:21'),
	(135, 3, 3, 3, NULL, 5, 35.685732, 139.689006, '133002112301230332', 0, '2017-06-17 19:38:21'),
	(136, 1, 4, 3, NULL, 1, 35.697372, 139.750131, '133002112310202212', 0, '2017-06-17 19:38:21'),
	(137, 4, 2, 2, NULL, 4, 35.685742, 139.688497, '133002112301232110', 0, '2017-06-17 19:38:21'),
	(138, 1, 4, NULL, 'This is a review.', 2, 35.697372, 139.750131, '133002112310202213', 2, '2017-06-17 19:38:21'),
	(139, 1, 1, 3, NULL, 2, 35.697372, 139.750131, '133002112310202212', 1, '2017-06-17 19:38:21'),
	(140, 4, 2, 2, 'これはレビューです。これはレビューです。これはレビューです。これはレビューです。これはレビューです。', 3, 35.685742, 139.688497, '133002112301230332', 1, '2017-06-17 19:38:21'),
	(141, 2, 2, NULL, NULL, 4, 35.686451, 139.688969, '133002112301230330', 0, '2017-06-17 19:38:21'),
	(142, 1, 3, 3, NULL, 5, 35.697372, 139.750131, '133002112310202212', 0, '2017-06-17 19:38:21'),
	(143, 2, 2, 2, NULL, 2, 35.686451, 139.688969, '133002112301230333', 1, '2017-06-17 19:38:21'),
	(144, 4, 4, 2, NULL, 5, 35.685742, 139.688497, '133002112301230331', 2, '2017-06-17 19:38:21'),
	(145, 4, 4, 2, 'この店はまあまあです。', 1, 35.685742, 139.688497, '133002112301230332', 0, '2017-06-17 19:38:21'),
	(146, 6, 3, 3, NULL, 5, 35.689634, 139.692101, '133002112301230133', 0, '2017-06-17 19:38:21'),
	(147, 4, 2, 2, NULL, 2, 35.685742, 139.688497, '133002112301230333', 1, '2017-06-17 19:38:21'),
	(148, 1, 2, 2, 'This is a review.', 4, 35.697372, 139.750131, '133002112310202212', 1, '2017-06-17 19:38:21'),
	(149, 4, 1, NULL, NULL, 5, 35.685742, 139.688497, '133002112301230332', 2, '2017-06-17 19:38:21'),
	(150, 2, 4, 1, NULL, 2, 35.686451, 139.688969, '133002112301230321', 1, '2017-06-17 19:38:21'),
	(151, 6, 1, NULL, NULL, 2, 35.689634, 139.692101, '133002112301231022', 0, '2017-06-17 19:38:21'),
	(152, 4, 3, NULL, 'これはレビューです。これはレビューです。これはレビューです。これはレビューです。これはレビューです。', 5, 35.685742, 139.688497, '133002112301230333', 3, '2017-06-17 19:38:22'),
	(153, 4, 1, NULL, 'これはレビューです。これはレビューです。これはレビューです。これはレビューです。これはレビューです。', 4, 35.685742, 139.688497, '133002112301230332', 0, '2017-06-17 19:38:22'),
	(154, 2, 3, 3, NULL, 3, 35.686451, 139.688969, '133002112301230330', 0, '2017-06-17 19:38:22'),
	(155, 3, 2, 3, NULL, 1, 35.685732, 139.689006, '133002112301230332', 0, '2017-06-17 19:38:22'),
	(156, 2, 2, 3, NULL, 3, 35.686451, 139.688969, '133002112301230321', 1, '2017-06-17 19:38:22'),
	(157, 5, 1, NULL, NULL, 3, 35.686734, 139.68819, '133002112301230302', 0, '2017-06-17 19:38:22'),
	(158, 5, 4, 3, NULL, 3, 35.686734, 139.68819, '133002112301230330', 1, '2017-06-17 19:38:22'),
	(159, 6, 1, NULL, 'これはレビューです。これはレビューです。これはレビューです。これはレビューです。これはレビューです。', 5, 35.689634, 139.692101, '133002112301231023', 4, '2017-06-17 19:38:22'),
	(160, 6, 3, 3, NULL, 4, 35.689634, 139.692101, '133002112301230133', 0, '2017-06-17 19:38:22'),
	(161, 5, 3, 3, NULL, 5, 35.686734, 139.68819, '133002112301230320', 1, '2017-06-17 19:38:22'),
	(162, 3, 2, 3, NULL, 1, 35.685732, 139.689006, '133002112301230323', 0, '2017-06-17 19:38:22'),
	(163, 4, 2, 2, NULL, 5, 35.685742, 139.688497, '133002112301230323', 0, '2017-06-17 19:38:22'),
	(164, 2, 4, NULL, NULL, 4, 35.686451, 139.688969, '133002112301230321', 0, '2017-06-17 19:38:22'),
	(165, 6, 2, 3, NULL, 2, 35.689634, 139.692101, '133002112301230133', 3, '2017-06-17 19:38:22'),
	(166, 1, 4, 2, NULL, 2, 35.697372, 139.750131, '133002112310202211', 1, '2017-06-17 19:38:22'),
	(167, 6, 4, 2, NULL, 5, 35.689634, 139.692101, '133002112301231201', 2, '2017-06-17 19:38:22'),
	(168, 2, 3, NULL, NULL, 1, 35.686451, 139.688969, '133002112301230313', 1, '2017-06-17 19:38:22'),
	(169, 2, 4, 1, NULL, 1, 35.686451, 139.688969, '133002112301230330', 2, '2017-06-17 19:38:22'),
	(170, 1, 1, 2, NULL, 3, 35.697372, 139.750131, '133002112310202210', 0, '2017-06-17 19:38:22'),
	(171, 3, 4, NULL, NULL, 2, 35.685732, 139.689006, '133002112301230320', 0, '2017-06-17 19:38:22'),
	(172, 6, 4, 3, NULL, 4, 35.689634, 139.692101, '133002112301231022', 1, '2017-06-17 19:38:22'),
	(173, 4, 3, 2, NULL, 4, 35.685742, 139.688497, '133002112301230330', 1, '2017-06-17 19:38:22'),
	(174, 3, 2, 2, NULL, 5, 35.685732, 139.689006, '133002112301230321', 2, '2017-06-17 19:38:22'),
	(175, 6, 2, NULL, NULL, 4, 35.689634, 139.692101, '133002112301230311', 1, '2017-06-17 19:38:22'),
	(176, 2, 4, 2, NULL, 5, 35.686451, 139.688969, '133002112301230331', 1, '2017-06-17 19:38:22'),
	(177, 3, 1, 3, NULL, 1, 35.685732, 139.689006, '133002112301230333', 2, '2017-06-17 19:38:22'),
	(178, 2, 1, NULL, NULL, 4, 35.686451, 139.688969, '133002112301230330', 0, '2017-06-17 19:38:22'),
	(179, 6, 2, 4, NULL, 3, 35.689634, 139.692101, '133002112301231023', 1, '2017-06-17 19:38:22'),
	(180, 4, 1, 3, NULL, 4, 35.685742, 139.688497, '133002112301230322', 0, '2017-06-17 19:38:22'),
	(181, 1, 3, 2, 'この店はまあまあです。', 3, 35.697372, 139.750131, '133002112310202210', 0, '2017-06-17 19:38:22'),
	(182, 3, 3, 1, NULL, 2, 35.685732, 139.689006, '133002112301230332', 2, '2017-06-17 19:38:22'),
	(183, 5, 4, 3, NULL, 3, 35.686734, 139.68819, '133002112301230321', 0, '2017-06-17 19:38:22'),
	(184, 3, 3, 2, NULL, 3, 35.685732, 139.689006, '133002112301230332', 1, '2017-06-17 19:38:22'),
	(185, 1, 3, 3, NULL, 3, 35.697372, 139.750131, '133002112310202212', 0, '2017-06-17 19:38:22'),
	(186, 6, 3, NULL, NULL, 1, 35.689634, 139.692101, '133002112301231023', 1, '2017-06-17 19:38:22'),
	(187, 1, 3, 2, 'この店はまあまあです。', 2, 35.697372, 139.750131, '133002112310202212', 1, '2017-06-17 19:38:22'),
	(188, 5, 4, 2, NULL, 1, 35.686734, 139.68819, '133002112301230330', 1, '2017-06-17 19:38:22'),
	(189, 3, 1, NULL, NULL, 4, 35.685732, 139.689006, '133002112301230321', 0, '2017-06-17 19:38:22'),
	(190, 2, 1, 2, NULL, 3, 35.686451, 139.688969, '133002112301230330', 1, '2017-06-17 19:38:22'),
	(191, 6, 2, NULL, NULL, 1, 35.689634, 139.692101, '133002112301231022', 2, '2017-06-17 19:38:22'),
	(192, 4, 1, 4, NULL, 3, 35.685742, 139.688497, '133002112301230332', 3, '2017-06-17 19:38:22'),
	(193, 1, 1, NULL, NULL, 4, 35.697372, 139.750131, '133002112310202210', 1, '2017-06-17 19:38:22'),
	(194, 1, 2, NULL, NULL, 1, 35.697372, 139.750131, '133002112310202210', 1, '2017-06-17 19:38:22'),
	(195, 4, 2, 4, NULL, 3, 35.685742, 139.688497, '133002112301230323', 1, '2017-06-17 19:38:22'),
	(196, 4, 1, 2, NULL, 5, 35.685742, 139.688497, '133002112301230323', 0, '2017-06-17 19:38:22'),
	(197, 5, 1, 4, NULL, 5, 35.686734, 139.68819, '133002112301230321', 1, '2017-06-17 19:38:23'),
	(198, 2, 3, 2, NULL, 1, 35.686451, 139.688969, '133002112301230332', 1, '2017-06-17 19:38:23'),
	(199, 1, 1, 2, NULL, 1, 35.697372, 139.750131, '133002112310202023', 0, '2017-06-17 19:38:23'),
	(200, 6, 1, 3, NULL, 2, 35.689634, 139.692101, '133002112301230133', 3, '2017-06-17 19:38:23'),
	(201, 6, 4, NULL, 'この店はまあまあです。', 1, 35.689634, 139.692101, '133002112301231200', 0, '2017-06-17 19:38:23');

INSERT INTO likes (review_id, user_id, liked_at)
VALUES
	(1, 1, NULL),
	(1, 2, NULL),
	(1, 4, NULL),
	(1, 5, NULL),
	(1, 6, NULL),
	(1, 7, NULL),
	(1, 8, NULL),
	(1, 9, NULL),
	(1, 10, NULL),
	(1, 11, NULL),
	(2, 1, NULL),
	(2, 2, NULL),
	(2, 4, NULL),
	(2, 5, NULL),
	(2, 6, NULL),
	(2, 7, NULL),
	(2, 8, NULL),
	(2, 9, NULL),
	(2, 10, NULL),
	(2, 11, NULL),
	(3, 2, NULL),
	(3, 3, NULL),
	(3, 5, NULL),
	(3, 6, NULL),
	(3, 9, NULL),
	(3, 11, NULL),
	(4, 1, NULL),
	(4, 3, NULL),
	(4, 4, NULL),
	(4, 7, NULL),
	(4, 8, NULL),
	(4, 9, NULL),
	(4, 11, NULL),
	(5, 3, NULL),
	(5, 5, NULL),
	(5, 6, NULL),
	(5, 8, NULL),
	(5, 10, NULL),
	(6, 2, NULL),
	(6, 3, NULL),
	(6, 4, NULL),
	(6, 7, NULL),
	(6, 10, NULL),
	(6, 11, NULL),
	(7, 1, NULL),
	(7, 4, NULL),
	(7, 5, NULL),
	(7, 7, NULL),
	(7, 9, NULL),
	(7, 10, NULL),
	(8, 1, NULL),
	(8, 2, NULL),
	(8, 3, NULL),
	(8, 5, NULL),
	(8, 9, NULL),
	(8, 11, NULL),
	(9, 1, NULL),
	(9, 2, NULL),
	(9, 3, NULL),
	(9, 5, NULL),
	(9, 6, NULL),
	(9, 8, NULL),
	(9, 10, NULL),
	(9, 11, NULL),
	(10, 1, NULL),
	(10, 2, NULL),
	(10, 3, NULL),
	(10, 5, NULL),
	(10, 6, NULL),
	(10, 8, NULL),
	(10, 9, NULL),
	(10, 10, NULL),
	(28, 5, NULL),
	(50, 3, NULL),
	(85, 8, NULL),
	(115, 5, NULL),
	(117, 4, NULL),
	(123, 1, NULL),
	(127, 5, NULL),
	(130, 2, NULL),
	(144, 1, NULL),
	(153, 6, NULL),
	(176, 1, NULL),
	(176, 10, NULL),
	(188, 5, NULL);

COMMIT;
