BEGIN;

INSERT INTO user (user_id)
VALUES (1), (2), (3), (4), (5), (6), (7), (8), (9), (10), (11), (12);

INSERT INTO authentication (user_id, email, password, token)
VALUES
	(1, 'hoge@example.com', '$2y$10$ulqpqhnysOSiV1CiFlFMXeSC2vl4YzT7wNUtUAYmPF/GqGxuZSyAm', 'abcdef123456789'),
	(2, 'hoge+1@example.com', '$2y$10$ulqpqhnysOSiV1CiFlFMXeSC2vl4YzT7wNUtUAYmPF/GqGxuZSyAm',
	 '01ba4719c80b6fe911b091a7c05124b64eeece964e09c058ef8f9805daca546b'),
	(3, 'hoge+2@example.com', '$2y$10$ulqpqhnysOSiV1CiFlFMXeSC2vl4YzT7wNUtUAYmPF/GqGxuZSyAm',
	 'bbc9d7c7640f72a3243de927fecfa76b396fe0f9e75ba1ad5ba28cc8c6e1446c'),
	(4, 'hoge+3@example.com', '$2y$10$ulqpqhnysOSiV1CiFlFMXeSC2vl4YzT7wNUtUAYmPF/GqGxuZSyAm',
	 '2e0390eb024a52963db7b95e84a9c2b12c004054a7bad9a97ec0c7c89d4681d2'),
	(5, 'hoge+4@example.com', '$2y$10$ulqpqhnysOSiV1CiFlFMXeSC2vl4YzT7wNUtUAYmPF/GqGxuZSyAm',
	 'e712aff3705ac314b9a890e0ec208faa20054eee514d86ab913d768f94e01279'),
	(6, 'hoge+5@example.com', '$2y$10$ulqpqhnysOSiV1CiFlFMXeSC2vl4YzT7wNUtUAYmPF/GqGxuZSyAm',
	 'e712aff3705ac314b9a890e0ec208faa20054eee514d86ab913d768f94e01278'),
	(7, 'hoge+6@example.com', '$2y$10$ulqpqhnysOSiV1CiFlFMXeSC2vl4YzT7wNUtUAYmPF/GqGxuZSyAm',
	 'e712aff3705ac314b9a890e0ec208faa20054eee514d86ab913d768f94e01280'),
	(8, 'hoge+7@example.com', '$2y$10$ulqpqhnysOSiV1CiFlFMXeSC2vl4YzT7wNUtUAYmPF/GqGxuZSyAm',
	 'e712aff3705ac314b9a890e0ec208faa20054eee514d86ab913d768f94e01289'),
	(9, 'hoge+8@example.com', '$2y$10$ulqpqhnysOSiV1CiFlFMXeSC2vl4YzT7wNUtUAYmPF/GqGxuZSyAm',
	 'e712aff3705ac314b9a890e0ec208faa20054eee514d86ab913d768f94e01379'),
	(10, 'hoge+9@example.com', '$2y$10$ulqpqhnysOSiV1CiFlFMXeSC2vl4YzT7wNUtUAYmPF/GqGxuZSyAm',
	 'e712aff3705ac314b9a890e0ec208faa20054eee514d86ab913d768f94e01179'),
	(11, 'hoge+10@example.com', '$2y$10$ulqpqhnysOSiV1CiFlFMXeSC2vl4YzT7wNUtUAYmPF/GqGxuZSyAm',
	 'e712aff3705ac314b9a890e0ec208faa20054eee514d86ab913d768f94e01479'),
	(12, 'hoge+11@example.com', '$2y$10$ulqpqhnysOSiV1CiFlFMXeSC2vl4YzT7wNUtUAYmPF/GqGxuZSyAm',
	 'e712aff3705ac314b9a890e0ec208faa20054eee514d86ab913d768f94e01579');

INSERT INTO shop (shop_id, name, open_time, close_time, address, latitude, longitude, geom_hash)
VALUES
	(1, 'おいしいケーキ デ・リ・シャス', '10:00:00', '20:00:00', '東京都新宿区西新宿2-10-1', 35.687309, 139.689983, '133002112301230313'),
	(2, 'mystery of crepe', NULL, NULL, '東京都新宿区西新宿4-33-4', 35.686451, 139.688969, '133002112301230312'),
	(3, 'Liebesknochen', '11:00:00', '13:30:00', '東京都新宿区西新宿3-11-20', 35.685732, 139.689006, '133002112301230330'),
	(4, '和菓子総本家', '08:00:00', '18:00:00', '東京都新宿区西新宿4-34-10', 35.685742, 139.688497, '133002112301230330'),
	(5, 'スイーツパラリシス', '09:00:00', '24:00:00', '東京都新宿区西新宿4-34-26', 35.686734, 139.68819, '133002112301230303'),
	(6, '百合華 東京都庁店', NULL, NULL, '東京都新宿区西新宿2-8-1', 35.689634, 139.692101, '133002112301231022');

INSERT INTO review (review_id, shop_id, user_id, rating, review_text, sweet_type, latitude, longitude, geom_hash, `like`, `reviewed_at`)
VALUES
	(1, 6, 10, 2, NULL, 3, 35.688600164789, 139.69263878616, '133002112301231023', 11, '2017-06-18 01:25:25'),
	(2, 3, 10, NULL, 'This is a review.', 1, 35.684036034473, 139.68954974636, '133002112301232110', 11, '2017-06-18 01:25:25'),
	(3, 4, 4, 3, NULL, 3, 35.685761316334, 139.68648587958, '133002112301230320', 9, '2017-06-18 01:25:25'),
	(4, 5, 1, 3, NULL, 1, 35.685462185782, 139.68649741565, '133002112301230320', 8, '2017-06-18 01:25:25'),
	(5, 6, 8, NULL, NULL, 3, 35.688128987054, 139.69314123116, '133002112301231201', 10, '2017-06-18 01:25:25'),
	(6, 3, 12, NULL, NULL, 0, 35.684398063322, 139.6902370404, '133002112301230333', 11, '2017-06-18 01:25:25'),
	(7, 5, 2, 3, NULL, 2, 35.68740853829, 139.68581630347, '133002112301230302', 7, '2017-06-18 01:25:25'),
	(8, 3, 4, NULL, NULL, 1, 35.68540773514, 139.69094329886, '133002112301230331', 9, '2017-06-18 01:25:25'),
	(9, 1, 5, 4, NULL, 0, 35.68605967509, 139.68956859685, '133002112301230330', 11, '2017-06-18 01:25:25'),
	(10, 1, 10, 3, NULL, 0, 35.686330132308, 139.68994329844, '133002112301230313', 6, '2017-06-18 01:25:25'),
	(11, 2, 12, NULL, NULL, 1, 35.686260386255, 139.69062671591, '133002112301230331', 2, '2017-06-18 01:25:25'),
	(12, 5, 8, NULL, 'This is a review.', 1, 35.685909067403, 139.6874755529, '133002112301230321', 6, '2017-06-18 01:25:25'),
	(13, 1, 9, NULL, NULL, 0, 35.685928008623, 139.69022817838, '133002112301230331', 4, '2017-06-18 01:25:25'),
	(14, 1, 6, 2, NULL, 0, 35.685554398334, 139.68999938153, '133002112301230331', 4, '2017-06-18 01:25:25'),
	(15, 4, 5, NULL, NULL, 3, 35.684661494288, 139.68808975026, '133002112301230323', 2, '2017-06-18 01:25:25'),
	(16, 3, 2, 3, NULL, 1, 35.68587975401, 139.68745093104, '133002112301230321', 4, '2017-06-18 01:25:25'),
	(17, 3, 5, NULL, NULL, 1, 35.684022373629, 139.68933598806, '133002112301232110', 4, '2017-06-18 01:25:25'),
	(18, 5, 11, NULL, NULL, 3, 35.68609573458, 139.68586611775, '133002112301230320', 5, '2017-06-18 01:25:25'),
	(19, 6, 7, NULL, NULL, 3, 35.687991804354, 139.69213395371, '133002112301231200', 8, '2017-06-18 01:25:25'),
	(20, 3, 5, 2, NULL, 1, 35.684422311892, 139.68808528092, '133002112301230323', 6, '2017-06-18 01:25:25'),
	(21, 4, 6, 3, NULL, 3, 35.685111434791, 139.68757134662, '133002112301230323', 4, '2017-06-18 01:25:25'),
	(22, 4, 12, 3, NULL, 3, 35.685593646792, 139.69060060366, '133002112301230331', 4, '2017-06-18 01:25:25'),
	(23, 4, 7, 4, NULL, 3, 35.684446000921, 139.68755903844, '133002112301230323', 4, '2017-06-18 01:25:25'),
	(24, 3, 9, 3, NULL, 4, 35.684127995006, 139.68968672725, '133002112301230332', 4, '2017-06-18 01:25:25'),
	(25, 1, 10, NULL, NULL, 0, 35.68587887222, 139.68933520121, '133002112301230330', 3, '2017-06-18 01:25:25'),
	(26, 4, 4, 3, NULL, 3, 35.684320064384, 139.68850573716, '133002112301230332', 3, '2017-06-18 01:25:25'),
	(27, 6, 11, NULL, NULL, 4, 35.688648110609, 139.69303803977, '133002112301231023', 7, '2017-06-18 01:25:25'),
	(28, 6, 6, 4, NULL, 3, 35.688126855936, 139.69192869327, '133002112301231200', 5, '2017-06-18 01:25:25'),
	(29, 1, 12, NULL, NULL, 0, 35.685676297662, 139.69016092169, '133002112301230331', 5, '2017-06-18 01:25:25'),
	(30, 4, 10, 2, NULL, 3, 35.684479047777, 139.68797371398, '133002112301230323', 3, '2017-06-18 01:25:25'),
	(31, 4, 11, 4, NULL, 3, 35.684561417283, 139.68839641376, '133002112301230323', 6, '2017-06-18 01:25:25'),
	(32, 5, 5, 3, NULL, 3, 35.685644180874, 139.68917830612, '133002112301230330', 5, '2017-06-18 01:25:25'),
	(33, 4, 12, 3, NULL, 3, 35.684423871537, 139.68906223764, '133002112301230332', 5, '2017-06-18 01:25:25'),
	(34, 5, 4, 2, NULL, 3, 35.685893166, 139.68709611955, '133002112301230321', 6, '2017-06-18 01:25:25'),
	(35, 3, 3, 4, NULL, 0, 35.685841005499, 139.68729942611, '133002112301230321', 3, '2017-06-18 01:25:25'),
	(36, 1, 3, 3, 'これはレビューです。これはレビューです。これはレビューです。これはレビューです。これはレビューです。', 0, 35.685475440049, 139.69030311463, '133002112301230331', 5, '2017-06-18 01:25:25'),
	(37, 1, 12, 3, 'この店は普通です。', 0, 35.686210543888, 139.68983438321, '133002112301230331', 4, '2017-06-18 01:25:25'),
	(38, 2, 7, NULL, 'This is a review.', 1, 35.685688839868, 139.68804324082, '133002112301230321', 3, '2017-06-18 01:25:25'),
	(39, 4, 1, 2, NULL, 3, 35.685266762589, 139.68801007104, '133002112301230321', 5, '2017-06-18 01:25:25'),
	(40, 5, 2, 3, NULL, 0, 35.68634614543, 139.6860961072, '133002112301230302', 3, '2017-06-18 01:25:26'),
	(41, 6, 9, NULL, NULL, 3, 35.6879914669, 139.69083292187, '133002112301230311', 1, '2017-06-18 01:25:26'),
	(42, 4, 2, NULL, NULL, 3, 35.684367139965, 139.68882040224, '133002112301230332', 0, '2017-06-18 01:25:26'),
	(43, 5, 8, 3, 'This is a review.', 0, 35.685369395946, 139.68896642038, '133002112301230330', 1, '2017-06-18 01:25:26'),
	(44, 5, 7, NULL, NULL, 0, 35.686897608213, 139.68907993181, '133002112301230312', 2, '2017-06-18 01:25:26'),
	(45, 1, 1, 2, NULL, 0, 35.68646983426, 139.68924170288, '133002112301230312', 1, '2017-06-18 01:25:26'),
	(46, 3, 1, 3, 'This is a review.', 0, 35.684904928214, 139.68776069515, '133002112301230323', 1, '2017-06-18 01:25:26'),
	(47, 1, 8, 2, 'この店は普通です。', 0, 35.685982681447, 139.68953649855, '133002112301230330', 1, '2017-06-18 01:25:26'),
	(48, 5, 6, NULL, NULL, 0, 35.684927647311, 139.6885723691, '133002112301230332', 1, '2017-06-18 01:25:26'),
	(49, 6, 5, 3, 'この店は普通です。', 3, 35.688446327832, 139.69190138988, '133002112301231200', 2, '2017-06-18 01:25:26'),
	(50, 4, 5, NULL, NULL, 3, 35.685556014617, 139.68660238254, '133002112301230320', 0, '2017-06-18 01:25:26'),
	(51, 4, 5, NULL, NULL, 3, 35.684343332761, 139.68867876266, '133002112301230332', 2, '2017-06-18 01:25:26'),
	(52, 5, 6, 2, NULL, 0, 35.684992866172, 139.68848412115, '133002112301230332', 2, '2017-06-18 01:25:26'),
	(53, 1, 7, NULL, NULL, 0, 35.686692550205, 139.69063283941, '133002112301230313', 1, '2017-06-18 01:25:26'),
	(54, 6, 4, 3, 'これはレビューです。これはレビューです。これはレビューです。これはレビューです。これはレビューです。', 3, 35.688303235479, 139.69207783191, '133002112301231200', 3, '2017-06-18 01:25:26'),
	(55, 5, 6, NULL, NULL, 1, 35.68524443092, 139.68818924619, '133002112301230321', 1, '2017-06-18 01:25:26'),
	(56, 1, 11, 1, NULL, 0, 35.685622128908, 139.69018389844, '133002112301230331', 1, '2017-06-18 01:25:26'),
	(57, 1, 12, 3, NULL, 0, 35.68715745356, 139.68829696376, '133002112301230303', 1, '2017-06-18 01:25:26'),
	(58, 6, 5, NULL, NULL, 3, 35.68818878709, 139.69355091726, '133002112301231201', 0, '2017-06-18 01:25:26'),
	(59, 3, 1, 2, 'これはレビューです。これはレビューです。これはレビューです。これはレビューです。これはレビューです。', 4, 35.684159686578, 139.68982953099, '133002112301230333', 0, '2017-06-18 01:25:26'),
	(60, 3, 8, 4, NULL, 1, 35.684114545864, 139.68906374948, '133002112301230332', 0, '2017-06-18 01:25:26'),
	(61, 4, 8, 2, NULL, 3, 35.684687680848, 139.687437728, '133002112301230323', 3, '2017-06-18 01:25:26'),
	(62, 4, 12, NULL, NULL, 3, 35.685080872705, 139.68946594849, '133002112301230332', 1, '2017-06-18 01:25:26'),
	(63, 2, 11, 3, NULL, 1, 35.684863526971, 139.68938106276, '133002112301230332', 1, '2017-06-18 01:25:26'),
	(64, 4, 9, 3, NULL, 3, 35.6861412748, 139.6907697056, '133002112301230331', 1, '2017-06-18 01:25:26'),
	(65, 1, 11, 3, NULL, 0, 35.686382766214, 139.69078936286, '133002112301230313', 2, '2017-06-18 01:25:26'),
	(66, 5, 1, 1, 'This is a review.', 0, 35.686252285924, 139.68915285984, '133002112301230330', 0, '2017-06-18 01:25:26'),
	(67, 2, 8, 3, NULL, 1, 35.685658371236, 139.69013372783, '133002112301230331', 1, '2017-06-18 01:25:26'),
	(68, 6, 10, 3, 'この店はまあまあです。', 4, 35.688761673021, 139.69173359341, '133002112301231022', 3, '2017-06-18 01:25:26'),
	(69, 4, 8, 3, 'これはレビューです。これはレビューです。これはレビューです。これはレビューです。これはレビューです。', 3, 35.684847570773, 139.68625405409, '133002112301230322', 0, '2017-06-18 01:25:26'),
	(70, 6, 6, NULL, NULL, 3, 35.689283815145, 139.69067689234, '133002112301230133', 2, '2017-06-18 01:25:26'),
	(71, 4, 7, NULL, 'この店は普通です。', 3, 35.684449849548, 139.68774186307, '133002112301230323', 2, '2017-06-18 01:25:26'),
	(72, 1, 1, 3, NULL, 0, 35.686284631857, 139.68844019093, '133002112301230330', 1, '2017-06-18 01:25:26'),
	(73, 5, 6, 3, 'This is a review.', 2, 35.686511084778, 139.68725545871, '133002112301230303', 1, '2017-06-18 01:25:26'),
	(74, 3, 5, 3, NULL, 4, 35.684646161665, 139.68844693069, '133002112301230332', 2, '2017-06-18 01:25:26'),
	(75, 1, 11, 2, NULL, 0, 35.686363428963, 139.69130582117, '133002112301231202', 1, '2017-06-18 01:25:26'),
	(76, 6, 1, NULL, NULL, 3, 35.689521286867, 139.69321289961, '133002112301231023', 1, '2017-06-18 01:25:26'),
	(77, 2, 1, 2, NULL, 1, 35.686684919187, 139.69027612186, '133002112301230313', 0, '2017-06-18 01:25:26'),
	(78, 3, 9, 3, 'This is a review.', 4, 35.684527845272, 139.69015845928, '133002112301230333', 0, '2017-06-18 01:25:26'),
	(79, 3, 12, NULL, NULL, 0, 35.686579194431, 139.68745578702, '133002112301230303', 1, '2017-06-18 01:25:26'),
	(80, 6, 1, 2, NULL, 4, 35.68893664301, 139.69066436963, '133002112301230133', 2, '2017-06-18 01:25:26'),
	(81, 6, 1, NULL, NULL, 3, 35.688264819324, 139.69072220574, '133002112301230311', 0, '2017-06-18 01:25:26'),
	(82, 5, 6, 2, NULL, 4, 35.686454791929, 139.68972141915, '133002112301230312', 1, '2017-06-18 01:25:26'),
	(83, 5, 9, NULL, NULL, 2, 35.686334549849, 139.68625393347, '133002112301230302', 2, '2017-06-18 01:25:26'),
	(84, 3, 10, 2, NULL, 0, 35.684498060675, 139.69087987231, '133002112301230333', 1, '2017-06-18 01:25:26'),
	(85, 3, 2, 3, NULL, 4, 35.684721922326, 139.69010239576, '133002112301230333', 0, '2017-06-18 01:25:26'),
	(86, 6, 7, 2, 'This is a review.', 3, 35.689044448519, 139.69269460106, '133002112301231023', 0, '2017-06-18 01:25:26'),
	(87, 3, 12, NULL, NULL, 1, 35.683605927738, 139.68863392258, '133002112301232110', 2, '2017-06-18 01:25:26'),
	(88, 4, 10, 3, 'この店はまあまあです。', 3, 35.684785331766, 139.68951266627, '133002112301230332', 0, '2017-06-18 01:25:27'),
	(89, 3, 4, 3, NULL, 1, 35.684983591792, 139.68753859311, '133002112301230323', 0, '2017-06-18 01:25:27'),
	(90, 6, 5, 3, NULL, 3, 35.690415838857, 139.69058906854, '133002112301230131', 1, '2017-06-18 01:25:27'),
	(91, 4, 1, 2, NULL, 3, 35.684369223159, 139.6889334893, '133002112301230332', 0, '2017-06-18 01:25:27'),
	(92, 1, 3, NULL, NULL, 0, 35.685951421608, 139.69103691237, '133002112301230331', 1, '2017-06-18 01:25:27'),
	(93, 4, 12, 2, NULL, 3, 35.68553439936, 139.68726922565, '133002112301230321', 0, '2017-06-18 01:25:27'),
	(94, 3, 7, 3, NULL, 1, 35.684900241793, 139.6887329926, '133002112301230332', 0, '2017-06-18 01:25:27'),
	(95, 1, 12, 3, NULL, 0, 35.68517131061, 139.68913076809, '133002112301230332', 0, '2017-06-18 01:25:27'),
	(96, 3, 7, NULL, NULL, 1, 35.685022444065, 139.68989812232, '133002112301230333', 0, '2017-06-18 01:25:27'),
	(97, 3, 5, NULL, 'This is a review.', 4, 35.683941465688, 139.68801523726, '133002112301232101', 0, '2017-06-18 01:25:27'),
	(98, 5, 7, 3, NULL, 2, 35.685813211051, 139.68752764531, '133002112301230321', 3, '2017-06-18 01:25:27'),
	(99, 6, 12, NULL, NULL, 3, 35.689524408196, 139.69031913469, '133002112301230133', 0, '2017-06-18 01:25:27'),
	(100, 6, 3, 2, NULL, 3, 35.688785717098, 139.69241365708, '133002112301231022', 0, '2017-06-18 01:25:27'),
	(101, 6, 8, NULL, NULL, 4, 35.687926427089, 139.69192597588, '133002112301231200', 0, '2017-06-18 01:25:27'),
	(102, 6, 6, 2, NULL, 3, 35.688395616786, 139.69350161951, '133002112301231201', 1, '2017-06-18 01:25:27'),
	(103, 5, 5, NULL, NULL, 0, 35.685788546131, 139.68704432863, '133002112301230321', 1, '2017-06-18 01:25:27'),
	(104, 3, 10, 3, NULL, 4, 35.685700655622, 139.68817994232, '133002112301230321', 0, '2017-06-18 01:25:27'),
	(105, 4, 8, 1, 'This is a review.', 3, 35.684439959941, 139.68862392012, '133002112301230332', 1, '2017-06-18 01:25:27'),
	(106, 6, 6, 3, NULL, 3, 35.688360200507, 139.69219054594, '133002112301231200', 1, '2017-06-18 01:25:27'),
	(107, 1, 3, 4, NULL, 0, 35.687420811106, 139.68816428008, '133002112301230301', 0, '2017-06-18 01:25:27'),
	(108, 6, 12, NULL, NULL, 3, 35.688313911985, 139.69203949717, '133002112301231200', 1, '2017-06-18 01:25:27'),
	(109, 2, 9, NULL, 'この店は普通です。', 1, 35.685444974955, 139.68991070334, '133002112301230331', 2, '2017-06-18 01:25:27'),
	(110, 3, 6, 2, NULL, 1, 35.6841859438, 139.68849326031, '133002112301230332', 1, '2017-06-18 01:25:27'),
	(111, 3, 4, 2, NULL, 0, 35.685435904838, 139.69028072005, '133002112301230331', 0, '2017-06-18 01:25:27'),
	(112, 4, 2, 2, NULL, 3, 35.684322611496, 139.68874694125, '133002112301230332', 3, '2017-06-18 01:25:27'),
	(113, 4, 8, NULL, NULL, 3, 35.684820781378, 139.68751877376, '133002112301230323', 1, '2017-06-18 01:25:27'),
	(114, 6, 4, 3, NULL, 4, 35.689144537292, 139.69022969449, '133002112301230133', 1, '2017-06-18 01:25:27'),
	(115, 6, 12, 3, NULL, 4, 35.68898546062, 139.69277271976, '133002112301231023', 0, '2017-06-18 01:25:27'),
	(116, 2, 11, 2, NULL, 1, 35.684827783889, 139.68948234233, '133002112301230332', 1, '2017-06-18 01:25:27'),
	(117, 6, 9, NULL, NULL, 3, 35.688523852475, 139.69255663173, '133002112301231201', 2, '2017-06-18 01:25:27'),
	(118, 3, 5, 2, 'この店は普通です。', 0, 35.685761829614, 139.69005840595, '133002112301230331', 2, '2017-06-18 01:25:27'),
	(119, 3, 4, 3, NULL, 0, 35.684929260227, 139.69067899092, '133002112301230333', 1, '2017-06-18 01:25:27'),
	(120, 2, 8, NULL, NULL, 1, 35.686208534522, 139.69080909797, '133002112301230331', 3, '2017-06-18 01:25:27'),
	(121, 4, 5, 3, NULL, 3, 35.685164251675, 139.68727194319, '133002112301230323', 3, '2017-06-18 01:25:27'),
	(122, 2, 1, 2, 'This is a review.', 1, 35.685278385349, 139.6889200065, '133002112301230330', 2, '2017-06-18 01:25:27'),
	(123, 1, 7, 3, NULL, 0, 35.686268091172, 139.68888142558, '133002112301230330', 1, '2017-06-18 01:25:27'),
	(124, 4, 12, 1, NULL, 3, 35.684328216905, 139.68661739985, '133002112301230322', 1, '2017-06-18 01:25:27'),
	(125, 1, 2, 3, NULL, 0, 35.686625404494, 139.68930340863, '133002112301230312', 1, '2017-06-18 01:25:27'),
	(126, 1, 10, 2, NULL, 0, 35.685718216142, 139.6890248845, '133002112301230330', 1, '2017-06-18 01:25:27'),
	(127, 3, 4, NULL, NULL, 0, 35.684692169557, 139.68832282956, '133002112301230323', 1, '2017-06-18 01:25:27'),
	(128, 2, 6, 2, NULL, 1, 35.685562601263, 139.68941475099, '133002112301230330', 1, '2017-06-18 01:25:27'),
	(129, 6, 6, NULL, 'これはレビューです。これはレビューです。これはレビューです。これはレビューです。これはレビューです。', 3, 35.688167904105, 139.69138314989, '133002112301231200', 0, '2017-06-18 01:25:27'),
	(130, 1, 12, NULL, NULL, 0, 35.687200970526, 139.69162717783, '133002112301231202', 1, '2017-06-18 01:25:27'),
	(131, 1, 5, 2, NULL, 0, 35.68666761582, 139.69102405434, '133002112301230313', 1, '2017-06-18 01:25:27'),
	(132, 2, 5, 2, NULL, 1, 35.686181090694, 139.68954469809, '133002112301230330', 1, '2017-06-18 01:25:27'),
	(133, 3, 6, 3, 'この店は普通です。', 1, 35.685932306884, 139.68690556156, '133002112301230320', 1, '2017-06-18 01:25:27'),
	(134, 1, 6, NULL, NULL, 0, 35.685779280903, 139.69034920356, '133002112301230331', 0, '2017-06-18 01:25:27'),
	(135, 2, 6, 4, NULL, 1, 35.685208564787, 139.68875330064, '133002112301230330', 2, '2017-06-18 01:25:27'),
	(136, 6, 4, 2, NULL, 4, 35.688381827884, 139.69173486182, '133002112301231200', 1, '2017-06-18 01:25:28'),
	(137, 1, 11, 2, NULL, 0, 35.686071056807, 139.69138851856, '133002112301231220', 1, '2017-06-18 01:25:28'),
	(138, 2, 1, 2, NULL, 1, 35.686490244891, 139.69090258665, '133002112301230313', 0, '2017-06-18 01:25:28'),
	(139, 6, 7, 1, NULL, 3, 35.68870357847, 139.69362010615, '133002112301231023', 1, '2017-06-18 01:25:28'),
	(140, 1, 3, NULL, NULL, 0, 35.68738187141, 139.68898362903, '133002112301230312', 1, '2017-06-18 01:25:28'),
	(141, 6, 10, 2, 'この店はまあまあです。', 4, 35.688398517513, 139.69202887983, '133002112301231200', 1, '2017-06-18 01:25:28'),
	(142, 1, 9, 2, NULL, 0, 35.686117432471, 139.6894099297, '133002112301230330', 1, '2017-06-18 01:25:28'),
	(143, 5, 1, 3, NULL, 0, 35.686678883535, 139.68615812325, '133002112301230302', 1, '2017-06-18 01:25:28'),
	(144, 3, 11, 3, NULL, 4, 35.683515188122, 139.68956553539, '133002112301232110', 1, '2017-06-18 01:25:28'),
	(145, 2, 10, 3, NULL, 1, 35.686554405617, 139.68991235075, '133002112301230313', 1, '2017-06-18 01:25:28'),
	(146, 6, 6, 3, NULL, 4, 35.688089051205, 139.69149458101, '133002112301231200', 0, '2017-06-18 01:25:28'),
	(147, 3, 5, 2, NULL, 4, 35.684765478816, 139.68734408558, '133002112301230323', 0, '2017-06-18 01:25:28'),
	(148, 3, 7, 3, 'This is a review.', 4, 35.684480493503, 139.6878780859, '133002112301230323', 3, '2017-06-18 01:25:28'),
	(149, 4, 2, NULL, NULL, 3, 35.684674147348, 139.68853230973, '133002112301230332', 1, '2017-06-18 01:25:28'),
	(150, 1, 1, 3, NULL, 0, 35.686084379657, 139.69040133767, '133002112301230331', 0, '2017-06-18 01:25:28'),
	(151, 1, 12, 2, NULL, 0, 35.685895797778, 139.69026692856, '133002112301230331', 0, '2017-06-18 01:25:28'),
	(152, 3, 10, NULL, NULL, 1, 35.684691851052, 139.69071891859, '133002112301230333', 1, '2017-06-18 01:25:28'),
	(153, 6, 8, NULL, NULL, 4, 35.689203189384, 139.69109365075, '133002112301230133', 1, '2017-06-18 01:25:28'),
	(154, 3, 10, NULL, NULL, 4, 35.684845839728, 139.69112784646, '133002112301230333', 0, '2017-06-18 01:25:28'),
	(155, 4, 2, 2, NULL, 3, 35.684488473329, 139.68794013905, '133002112301230323', 0, '2017-06-18 01:25:28'),
	(156, 2, 6, 3, NULL, 1, 35.684789019635, 139.68960956512, '133002112301230332', 2, '2017-06-18 01:25:28'),
	(157, 1, 9, 3, 'これはレビューです。これはレビューです。これはレビューです。これはレビューです。これはレビューです。', 0, 35.686098762639, 139.69003363944, '133002112301230331', 1, '2017-06-18 01:25:28'),
	(158, 6, 11, 3, NULL, 4, 35.689080765945, 139.69228971184, '133002112301231022', 1, '2017-06-18 01:25:28'),
	(159, 3, 5, NULL, NULL, 4, 35.684584506883, 139.68864283196, '133002112301230332', 1, '2017-06-18 01:25:28'),
	(160, 2, 6, NULL, 'これはレビューです。これはレビューです。これはレビューです。これはレビューです。これはレビューです。', 1, 35.68493130137, 139.68916799757, '133002112301230332', 2, '2017-06-18 01:25:28'),
	(161, 5, 8, 2, NULL, 1, 35.685917040744, 139.68727196423, '133002112301230321', 2, '2017-06-18 01:25:28'),
	(162, 4, 2, 2, NULL, 3, 35.685059327979, 139.68938715298, '133002112301230332', 1, '2017-06-18 01:25:28'),
	(163, 6, 1, 3, NULL, 3, 35.688157767385, 139.69126604547, '133002112301231200', 0, '2017-06-18 01:25:28'),
	(164, 4, 3, 2, NULL, 3, 35.684297961835, 139.68868099456, '133002112301230332', 2, '2017-06-18 01:25:28'),
	(165, 4, 9, NULL, NULL, 3, 35.684621677471, 139.68857258733, '133002112301230332', 0, '2017-06-18 01:25:28'),
	(166, 1, 8, NULL, NULL, 0, 35.686004817649, 139.69173596451, '133002112301231220', 0, '2017-06-18 01:25:28'),
	(167, 6, 4, NULL, NULL, 3, 35.688155587408, 139.6915420632, '133002112301231200', 0, '2017-06-18 01:25:28'),
	(168, 3, 6, 2, NULL, 1, 35.684476781587, 139.68924282099, '133002112301230332', 1, '2017-06-18 01:25:28'),
	(169, 5, 10, 2, NULL, 2, 35.687396195615, 139.68938728818, '133002112301230312', 0, '2017-06-18 01:25:28'),
	(170, 3, 9, NULL, NULL, 0, 35.685112786405, 139.69002149361, '133002112301230333', 0, '2017-06-18 01:25:28'),
	(171, 5, 4, 2, NULL, 3, 35.685142466814, 139.68724724395, '133002112301230323', 2, '2017-06-18 01:25:28'),
	(172, 3, 1, NULL, NULL, 1, 35.684686683704, 139.69016520417, '133002112301230333', 3, '2017-06-18 01:25:28'),
	(173, 2, 9, NULL, NULL, 1, 35.685507791739, 139.68981223129, '133002112301230331', 2, '2017-06-18 01:25:28'),
	(174, 2, 6, 3, NULL, 1, 35.685463266086, 139.68738971099, '133002112301230321', 0, '2017-06-18 01:25:28'),
	(175, 4, 4, 3, NULL, 3, 35.685723424615, 139.68707527778, '133002112301230321', 0, '2017-06-18 01:25:28'),
	(176, 2, 5, 3, 'この店はまあまあです。', 1, 35.685702153755, 139.68807774139, '133002112301230321', 1, '2017-06-18 01:25:28'),
	(177, 4, 1, 3, NULL, 3, 35.684908444663, 139.68983842606, '133002112301230333', 3, '2017-06-18 01:25:28'),
	(178, 2, 3, 3, NULL, 1, 35.685963511394, 139.68729143177, '133002112301230321', 1, '2017-06-18 01:25:28'),
	(179, 2, 6, 4, NULL, 1, 35.685329016983, 139.68823105484, '133002112301230321', 0, '2017-06-18 01:25:28'),
	(180, 6, 1, 2, NULL, 3, 35.68893386244, 139.69195041724, '133002112301231022', 2, '2017-06-18 01:25:28'),
	(181, 6, 11, 2, NULL, 4, 35.689051491657, 139.69345887736, '133002112301231023', 0, '2017-06-18 01:25:28'),
	(182, 1, 3, 2, NULL, 0, 35.686579066625, 139.68884679244, '133002112301230312', 1, '2017-06-18 01:25:28'),
	(183, 5, 8, 3, 'This is a review.', 3, 35.685541145321, 139.68967751346, '133002112301230330', 1, '2017-06-18 01:25:28'),
	(184, 1, 8, 2, NULL, 0, 35.685740066202, 139.69003671012, '133002112301230331', 1, '2017-06-18 01:25:29'),
	(185, 2, 6, NULL, NULL, 1, 35.685325756391, 139.68900181694, '133002112301230330', 0, '2017-06-18 01:25:29'),
	(186, 1, 9, 3, 'これはレビューです。これはレビューです。これはレビューです。これはレビューです。これはレビューです。', 0, 35.685970016572, 139.68992111122, '133002112301230331', 0, '2017-06-18 01:25:29'),
	(187, 4, 1, NULL, NULL, 3, 35.685454077974, 139.68741374139, '133002112301230321', 2, '2017-06-18 01:25:29'),
	(188, 1, 11, 2, NULL, 0, 35.686248316232, 139.6901256944, '133002112301230331', 1, '2017-06-18 01:25:29'),
	(189, 2, 6, NULL, NULL, 1, 35.685227682591, 139.68925999439, '133002112301230330', 1, '2017-06-18 01:25:29'),
	(190, 5, 1, 3, NULL, 3, 35.685953043881, 139.6900704428, '133002112301230331', 3, '2017-06-18 01:25:29'),
	(191, 5, 12, 2, NULL, 4, 35.685246723901, 139.68750065768, '133002112301230321', 2, '2017-06-18 01:25:29'),
	(192, 1, 7, 3, 'これはレビューです。これはレビューです。これはレビューです。これはレビューです。これはレビューです。', 0, 35.686434285801, 139.68934389055,
		  '133002112301230312', 0, '2017-06-18 01:25:29'),
	(193, 2, 4, NULL, NULL, 1, 35.685270169597, 139.68969068503, '133002112301230330', 0, '2017-06-18 01:25:29'),
	(194, 3, 9, 1, NULL, 4, 35.68438404401, 139.68956540764, '133002112301230332', 1, '2017-06-18 01:25:29'),
	(195, 6, 1, 2, NULL, 4, 35.688803685132, 139.69232727656, '133002112301231022', 1, '2017-06-18 01:25:29'),
	(196, 4, 4, 3, NULL, 3, 35.685651067753, 139.68724757048, '133002112301230321', 1, '2017-06-18 01:25:29'),
	(197, 3, 5, NULL, NULL, 0, 35.684678757013, 139.68995022007, '133002112301230333', 1, '2017-06-18 01:25:29'),
	(198, 6, 2, 3, NULL, 4, 35.688634654644, 139.69089868292, '133002112301230133', 2, '2017-06-18 01:25:29'),
	(199, 2, 4, NULL, NULL, 1, 35.685680561409, 139.688606747, '133002112301230330', 0, '2017-06-18 01:25:29'),
	(200, 3, 1, 2, NULL, 4, 35.684971938053, 139.68945219165, '133002112301230332', 3, '2017-06-18 01:25:29');

INSERT INTO likes (review_id, user_id, liked_at)
VALUES
	(1, 1, NULL),
	(1, 2, NULL),
	(1, 3, NULL),
	(1, 4, NULL),
	(1, 5, NULL),
	(1, 6, NULL),
	(1, 7, NULL),
	(1, 8, NULL),
	(1, 9, NULL),
	(1, 10, NULL),
	(2, 1, NULL),
	(2, 2, NULL),
	(2, 3, NULL),
	(2, 4, NULL),
	(2, 5, NULL),
	(2, 6, NULL),
	(2, 7, NULL),
	(2, 8, NULL),
	(2, 9, NULL),
	(2, 10, NULL),
	(2, 11, NULL),
	(3, 2, NULL),
	(3, 3, NULL),
	(3, 4, NULL),
	(3, 5, NULL),
	(3, 6, NULL),
	(3, 7, NULL),
	(3, 8, NULL),
	(3, 10, NULL),
	(3, 11, NULL),
	(4, 1, NULL),
	(4, 2, NULL),
	(4, 3, NULL),
	(4, 7, NULL),
	(4, 8, NULL),
	(4, 9, NULL),
	(4, 10, NULL),
	(4, 11, NULL),
	(5, 2, NULL),
	(5, 3, NULL),
	(5, 4, NULL),
	(5, 5, NULL),
	(5, 6, NULL),
	(5, 7, NULL),
	(5, 8, NULL),
	(5, 9, NULL),
	(5, 11, NULL),
	(6, 1, NULL),
	(6, 2, NULL),
	(6, 3, NULL),
	(6, 4, NULL),
	(6, 5, NULL),
	(6, 7, NULL),
	(6, 8, NULL),
	(6, 10, NULL),
	(7, 1, NULL),
	(7, 3, NULL),
	(7, 6, NULL),
	(7, 7, NULL),
	(7, 9, NULL),
	(7, 10, NULL),
	(7, 11, NULL),
	(8, 3, NULL),
	(8, 5, NULL),
	(8, 7, NULL),
	(8, 8, NULL),
	(8, 9, NULL),
	(8, 10, NULL),
	(9, 1, NULL),
	(9, 2, NULL),
	(9, 3, NULL),
	(9, 4, NULL),
	(9, 5, NULL),
	(9, 7, NULL),
	(9, 9, NULL),
	(10, 1, NULL),
	(10, 2, NULL),
	(10, 3, NULL),
	(10, 4, NULL),
	(10, 6, NULL),
	(10, 9, NULL),
	(10, 11, NULL),
	(11, 5, NULL),
	(11, 6, NULL),
	(11, 7, NULL),
	(12, 1, NULL),
	(12, 2, NULL),
	(12, 3, NULL),
	(12, 4, NULL),
	(12, 5, NULL),
	(12, 8, NULL),
	(12, 9, NULL),
	(13, 1, NULL),
	(13, 2, NULL),
	(13, 7, NULL),
	(13, 11, NULL),
	(14, 3, NULL),
	(14, 6, NULL),
	(14, 7, NULL),
	(14, 11, NULL),
	(15, 9, NULL),
	(15, 10, NULL),
	(16, 3, NULL),
	(16, 4, NULL),
	(16, 8, NULL),
	(16, 9, NULL),
	(16, 10, NULL),
	(17, 4, NULL),
	(17, 6, NULL),
	(17, 7, NULL),
	(17, 10, NULL),
	(18, 9, NULL),
	(18, 10, NULL),
	(19, 1, NULL),
	(19, 2, NULL),
	(19, 3, NULL),
	(19, 4, NULL),
	(19, 5, NULL),
	(19, 6, NULL),
	(19, 9, NULL),
	(20, 2, NULL),
	(20, 3, NULL),
	(20, 8, NULL),
	(20, 9, NULL),
	(21, 2, NULL),
	(21, 3, NULL),
	(21, 4, NULL),
	(21, 5, NULL),
	(21, 9, NULL),
	(21, 11, NULL),
	(22, 2, NULL),
	(22, 3, NULL),
	(22, 4, NULL),
	(22, 6, NULL),
	(22, 7, NULL),
	(22, 8, NULL),
	(22, 9, NULL),
	(22, 11, NULL),
	(23, 2, NULL),
	(23, 6, NULL),
	(23, 11, NULL),
	(24, 3, NULL),
	(24, 5, NULL),
	(24, 6, NULL),
	(24, 9, NULL),
	(24, 11, NULL),
	(25, 6, NULL),
	(25, 7, NULL),
	(25, 8, NULL),
	(25, 11, NULL),
	(26, 1, NULL),
	(26, 7, NULL),
	(26, 8, NULL),
	(27, 2, NULL),
	(27, 3, NULL),
	(27, 4, NULL),
	(27, 9, NULL),
	(28, 4, NULL),
	(28, 7, NULL),
	(28, 8, NULL),
	(28, 9, NULL),
	(28, 11, NULL),
	(29, 2, NULL),
	(29, 3, NULL),
	(29, 5, NULL),
	(29, 6, NULL),
	(29, 7, NULL),
	(29, 11, NULL),
	(30, 6, NULL),
	(30, 7, NULL),
	(30, 10, NULL),
	(30, 11, NULL),
	(31, 1, NULL),
	(31, 2, NULL),
	(31, 3, NULL),
	(31, 7, NULL),
	(31, 9, NULL),
	(32, 2, NULL),
	(32, 4, NULL),
	(32, 8, NULL),
	(32, 10, NULL),
	(33, 2, NULL),
	(33, 3, NULL),
	(33, 4, NULL),
	(33, 5, NULL),
	(33, 6, NULL),
	(33, 8, NULL),
	(33, 9, NULL),
	(34, 1, NULL),
	(34, 3, NULL),
	(34, 6, NULL),
	(34, 7, NULL),
	(34, 8, NULL),
	(34, 9, NULL),
	(34, 11, NULL),
	(35, 1, NULL),
	(35, 3, NULL),
	(35, 5, NULL),
	(35, 6, NULL),
	(35, 8, NULL),
	(36, 5, NULL),
	(36, 6, NULL),
	(36, 7, NULL),
	(36, 9, NULL),
	(36, 11, NULL),
	(37, 1, NULL),
	(37, 3, NULL),
	(37, 5, NULL),
	(37, 8, NULL),
	(37, 10, NULL),
	(37, 11, NULL),
	(38, 1, NULL),
	(38, 3, NULL),
	(38, 5, NULL),
	(38, 10, NULL),
	(38, 11, NULL),
	(39, 1, NULL),
	(39, 2, NULL),
	(39, 3, NULL),
	(39, 7, NULL),
	(39, 8, NULL),
	(39, 9, NULL),
	(40, 2, NULL),
	(40, 3, NULL),
	(40, 4, NULL),
	(40, 5, NULL),
	(40, 7, NULL),
	(40, 8, NULL),
	(40, 9, NULL),
	(41, 4, NULL),
	(41, 10, NULL),
	(42, 2, NULL),
	(43, 3, NULL),
	(43, 5, NULL),
	(44, 6, NULL),
	(45, 9, NULL),
	(46, 6, NULL),
	(46, 7, NULL),
	(47, 5, NULL),
	(49, 3, NULL),
	(49, 4, NULL),
	(50, 10, NULL),
	(51, 3, NULL),
	(51, 6, NULL),
	(51, 7, NULL),
	(52, 3, NULL),
	(52, 5, NULL),
	(54, 3, NULL),
	(54, 6, NULL),
	(55, 7, NULL),
	(57, 1, NULL),
	(59, 1, NULL),
	(61, 3, NULL),
	(61, 4, NULL),
	(63, 5, NULL),
	(63, 10, NULL),
	(65, 3, NULL),
	(67, 1, NULL),
	(67, 9, NULL),
	(67, 10, NULL),
	(68, 2, NULL),
	(69, 2, NULL),
	(69, 7, NULL),
	(69, 11, NULL),
	(70, 1, NULL),
	(70, 3, NULL),
	(70, 6, NULL),
	(72, 5, NULL),
	(75, 3, NULL),
	(75, 7, NULL),
	(76, 3, NULL),
	(77, 8, NULL),
	(78, 5, NULL),
	(81, 6, NULL),
	(82, 10, NULL),
	(87, 3, NULL),
	(87, 11, NULL),
	(89, 1, NULL),
	(89, 3, NULL),
	(89, 6, NULL),
	(89, 7, NULL),
	(89, 10, NULL),
	(90, 9, NULL),
	(91, 7, NULL),
	(94, 2, NULL),
	(96, 3, NULL),
	(98, 5, NULL),
	(98, 7, NULL),
	(98, 8, NULL),
	(100, 3, NULL),
	(100, 7, NULL),
	(100, 10, NULL),
	(101, 6, NULL),
	(102, 8, NULL),
	(102, 10, NULL),
	(103, 6, NULL),
	(109, 7, NULL),
	(110, 5, NULL),
	(111, 2, NULL),
	(111, 3, NULL),
	(112, 6, NULL),
	(112, 7, NULL),
	(113, 2, NULL),
	(113, 4, NULL),
	(115, 5, NULL),
	(115, 9, NULL),
	(116, 4, NULL),
	(117, 1, NULL),
	(121, 9, NULL),
	(123, 9, NULL),
	(123, 11, NULL),
	(124, 8, NULL),
	(124, 9, NULL),
	(126, 9, NULL),
	(131, 4, NULL),
	(134, 11, NULL),
	(135, 6, NULL),
	(137, 2, NULL),
	(137, 9, NULL),
	(139, 8, NULL),
	(139, 9, NULL),
	(140, 2, NULL),
	(140, 3, NULL),
	(142, 1, NULL),
	(142, 7, NULL),
	(143, 3, NULL),
	(144, 6, NULL),
	(149, 1, NULL),
	(149, 8, NULL),
	(150, 6, NULL),
	(153, 6, NULL),
	(154, 7, NULL),
	(154, 8, NULL),
	(156, 4, NULL),
	(156, 5, NULL),
	(157, 5, NULL),
	(158, 4, NULL),
	(158, 5, NULL),
	(160, 3, NULL),
	(160, 5, NULL),
	(161, 9, NULL),
	(161, 11, NULL),
	(162, 8, NULL),
	(163, 4, NULL),
	(164, 7, NULL),
	(165, 11, NULL),
	(166, 10, NULL),
	(169, 3, NULL),
	(170, 7, NULL),
	(172, 3, NULL),
	(173, 7, NULL),
	(174, 4, NULL),
	(174, 7, NULL),
	(175, 4, NULL),
	(176, 4, NULL),
	(176, 11, NULL),
	(179, 2, NULL),
	(180, 9, NULL),
	(181, 4, NULL),
	(182, 9, NULL),
	(183, 9, NULL),
	(183, 11, NULL),
	(184, 4, NULL),
	(184, 7, NULL),
	(185, 7, NULL),
	(186, 5, NULL),
	(186, 6, NULL),
	(187, 6, NULL),
	(188, 3, NULL),
	(189, 5, NULL),
	(190, 7, NULL),
	(191, 5, NULL),
	(192, 2, NULL),
	(192, 5, NULL),
	(193, 4, NULL),
	(195, 1, NULL),
	(195, 11, NULL),
	(196, 1, NULL),
	(196, 5, NULL),
	(198, 1, NULL),
	(198, 6, NULL),
	(198, 11, NULL),
	(199, 5, NULL),
	(200, 9, NULL);

COMMIT;
