BEGIN;

INSERT INTO user (user_id)
VALUES (1), (2), (3), (4), (5), (6), (7), (8), (9), (10), (11), (12);

INSERT INTO authentication (user_id, email, password, token)
VALUES
	(1, 'hoge@example.com', '$2y$10$ulqpqhnysOSiV1CiFlFMXeSC2vl4YzT7wNUtUAYmPF/GqGxuZSyAm', 'abcdef123456789'),
	(2, 'hoge+1@example.com', '$2y$10$ulqpqhnysOSiV1CiFlFMXeSC2vl4YzT7wNUtUAYmPF/GqGxuZSyAm',
	 '01ba4719c80b6fe911b091a7c05124b64eeece964e09c058ef8f9805daca546b'),
	(3, 'hoge+2@example.com', '$2y$10$ulqpqhnysOSiV1CiFlFMXeSC2vl4YzT7wNUtUAYmPF/GqGxuZSyAm',
	 'bbc9d7c7640f72a3243de927fecfa76b396fe0f9e75ba1ad5ba28cc8c6e1446c'),
	(4, 'hoge+3@example.com', '$2y$10$ulqpqhnysOSiV1CiFlFMXeSC2vl4YzT7wNUtUAYmPF/GqGxuZSyAm',
	 '2e0390eb024a52963db7b95e84a9c2b12c004054a7bad9a97ec0c7c89d4681d2'),
	(5, 'hoge+4@example.com', '$2y$10$ulqpqhnysOSiV1CiFlFMXeSC2vl4YzT7wNUtUAYmPF/GqGxuZSyAm',
	 'e712aff3705ac314b9a890e0ec208faa20054eee514d86ab913d768f94e01279'),
	(6, 'hoge+5@example.com', '$2y$10$ulqpqhnysOSiV1CiFlFMXeSC2vl4YzT7wNUtUAYmPF/GqGxuZSyAm',
	 'e712aff3705ac314b9a890e0ec208faa20054eee514d86ab913d768f94e01278'),
	(7, 'hoge+6@example.com', '$2y$10$ulqpqhnysOSiV1CiFlFMXeSC2vl4YzT7wNUtUAYmPF/GqGxuZSyAm',
	 'e712aff3705ac314b9a890e0ec208faa20054eee514d86ab913d768f94e01280'),
	(8, 'hoge+7@example.com', '$2y$10$ulqpqhnysOSiV1CiFlFMXeSC2vl4YzT7wNUtUAYmPF/GqGxuZSyAm',
	 'e712aff3705ac314b9a890e0ec208faa20054eee514d86ab913d768f94e01289'),
	(9, 'hoge+8@example.com', '$2y$10$ulqpqhnysOSiV1CiFlFMXeSC2vl4YzT7wNUtUAYmPF/GqGxuZSyAm',
	 'e712aff3705ac314b9a890e0ec208faa20054eee514d86ab913d768f94e01379'),
	(10, 'hoge+9@example.com', '$2y$10$ulqpqhnysOSiV1CiFlFMXeSC2vl4YzT7wNUtUAYmPF/GqGxuZSyAm',
	 'e712aff3705ac314b9a890e0ec208faa20054eee514d86ab913d768f94e01179'),
	(11, 'hoge+10@example.com', '$2y$10$ulqpqhnysOSiV1CiFlFMXeSC2vl4YzT7wNUtUAYmPF/GqGxuZSyAm',
	 'e712aff3705ac314b9a890e0ec208faa20054eee514d86ab913d768f94e01479'),
	(12, 'hoge+11@example.com', '$2y$10$ulqpqhnysOSiV1CiFlFMXeSC2vl4YzT7wNUtUAYmPF/GqGxuZSyAm',
	 'e712aff3705ac314b9a890e0ec208faa20054eee514d86ab913d768f94e01579');

INSERT INTO shop (shop_id, name, open_time, close_time, address, latitude, longitude, geom_hash)
VALUES
	(1, 'おいしいケーキ デ・リ・シャス', '10:00:00', '20:00:00', '東京都新宿区西新宿2-10-1', 35.687309, 139.689983, '133002112301230313'),
	(2, 'mystery of crepe', NULL, NULL, '東京都新宿区西新宿4-33-4', 35.686451, 139.688969, '133002112301230312'),
	(3, 'Liebesknochen', '11:00:00', '13:30:00', '東京都新宿区西新宿3-11-20', 35.685732, 139.689006, '133002112301230330'),
	(4, '和菓子総本家', '08:00:00', '18:00:00', '東京都新宿区西新宿4-34-10', 35.685742, 139.688497, '133002112301230330'),
	(5, 'スイーツパラリシス', '09:00:00', '24:00:00', '東京都新宿区西新宿4-34-26', 35.686734, 139.68819, '133002112301230303'),
	(6, '百合華 東京都庁店', NULL, NULL, '東京都新宿区西新宿2-8-1', 35.689634, 139.692101, '133002112301231022'),
	(7, 'デモ用', '10:00:00', '11:00:00', '東京都新宿区西新宿4-12-7', 35.689628, 139.686964, '133002112301230122');

INSERT INTO review (review_id, shop_id, user_id, rating, review_text, sweet_type, latitude, longitude, geom_hash, `like`, `reviewed_at`)
VALUES
	(1, 2, 6, NULL, NULL, 1, 35.686108859607, 139.68881793175, '133002112301230330', 11, '2017-06-18 01:31:22'),
	(2, 5, 12, 2, 'この店は普通です。', 4, 35.686445075361, 139.68856979015, '133002112301230312', 11, '2017-06-18 01:31:22'),
	(3, 3, 3, NULL, NULL, 4, 35.685351384796, 139.68888624417, '133002112301230330', 9, '2017-06-18 01:31:22'),
	(4, 1, 3, 2, NULL, 0, 35.687027418782, 139.69016892518, '133002112301230313', 9, '2017-06-18 01:31:22'),
	(5, 6, 9, NULL, NULL, 4, 35.689185960765, 139.69183422681, '133002112301231022', 8, '2017-06-18 01:31:22'),
	(6, 3, 3, 3, NULL, 1, 35.685349805667, 139.68892078766, '133002112301230330', 9, '2017-06-18 01:31:22'),
	(7, 5, 1, NULL, NULL, 1, 35.686398650205, 139.68822080346, '133002112301230303', 9, '2017-06-18 01:31:22'),
	(8, 4, 7, NULL, 'この店はまあまあです。', 3, 35.685303460518, 139.68833620405, '133002112301230321', 11, '2017-06-18 01:31:22'),
	(9, 5, 1, 3, NULL, 4, 35.686386383386, 139.6881308408, '133002112301230303', 10, '2017-06-18 01:31:22'),
	(10, 4, 4, NULL, NULL, 3, 35.685478875921, 139.68845236465, '133002112301230330', 7, '2017-06-18 01:31:22'),
	(11, 1, 11, NULL, NULL, 0, 35.686916675252, 139.68968426759, '133002112301230312', 3, '2017-06-18 01:31:22'),
	(12, 3, 2, 2, NULL, 0, 35.68533893716, 139.68914606039, '133002112301230330', 3, '2017-06-18 01:31:22'),
	(13, 3, 10, 2, NULL, 1, 35.685360776365, 139.68885527502, '133002112301230330', 5, '2017-06-18 01:31:22'),
	(14, 6, 5, 2, NULL, 4, 35.689303323562, 139.69244044626, '133002112301231022', 5, '2017-06-18 01:31:22'),
	(15, 3, 6, 3, NULL, 0, 35.685470577371, 139.68879385578, '133002112301230330', 5, '2017-06-18 01:31:22'),
	(16, 4, 9, NULL, NULL, 3, 35.685435287197, 139.68894078438, '133002112301230330', 2, '2017-06-18 01:31:22'),
	(17, 6, 4, NULL, NULL, 3, 35.689364598035, 139.69158895308, '133002112301231022', 5, '2017-06-18 01:31:22'),
	(18, 6, 8, 3, 'これはレビューです。これはレビューです。これはレビューです。これはレビューです。これはレビューです。', 3, 35.689160803551, 139.69234562152, '133002112301231022', 7, '2017-06-18 01:31:22'),
	(19, 1, 7, 2, NULL, 0, 35.686959263199, 139.69028684079, '133002112301230313', 3, '2017-06-18 01:31:22'),
	(20, 5, 7, 4, NULL, 2, 35.686221715241, 139.68808847277, '133002112301230321', 6, '2017-06-18 01:31:22'),
	(21, 3, 3, NULL, NULL, 4, 35.685413346446, 139.68888976477, '133002112301230330', 4, '2017-06-18 01:31:22'),
	(22, 1, 6, NULL, NULL, 0, 35.68711451413, 139.68958315722, '133002112301230312', 4, '2017-06-18 01:31:22'),
	(23, 4, 2, 3, NULL, 3, 35.685374868904, 139.68867465973, '133002112301230330', 6, '2017-06-18 01:31:22'),
	(24, 3, 2, 3, NULL, 4, 35.685408576154, 139.68908212683, '133002112301230330', 4, '2017-06-18 01:31:22'),
	(25, 6, 2, 2, NULL, 4, 35.689043297288, 139.69205450436, '133002112301231022', 4, '2017-06-18 01:31:22'),
	(26, 3, 9, 3, NULL, 1, 35.685212250463, 139.68884589688, '133002112301230330', 7, '2017-06-18 01:31:22'),
	(27, 3, 4, 3, NULL, 4, 35.685232222771, 139.68889281944, '133002112301230330', 6, '2017-06-18 01:31:23'),
	(28, 2, 12, 2, NULL, 1, 35.686089690354, 139.68906138526, '133002112301230330', 3, '2017-06-18 01:31:23'),
	(29, 2, 8, 1, NULL, 1, 35.685862836331, 139.68910585962, '133002112301230330', 5, '2017-06-18 01:31:23'),
	(30, 1, 8, 4, NULL, 0, 35.686878583729, 139.69016346288, '133002112301230313', 3, '2017-06-18 01:31:23'),
	(31, 3, 11, NULL, NULL, 4, 35.685387440455, 139.68880539931, '133002112301230330', 5, '2017-06-18 01:31:23'),
	(32, 6, 5, 3, NULL, 3, 35.689269854588, 139.69180736803, '133002112301231022', 4, '2017-06-18 01:31:23'),
	(33, 1, 12, 2, NULL, 0, 35.686884606529, 139.6898265507, '133002112301230313', 6, '2017-06-18 01:31:23'),
	(34, 2, 2, 3, NULL, 1, 35.686002398579, 139.688940802, '133002112301230330', 5, '2017-06-18 01:31:23'),
	(35, 1, 5, NULL, NULL, 0, 35.687153303018, 139.68973834526, '133002112301230312', 2, '2017-06-18 01:31:23'),
	(36, 2, 1, NULL, NULL, 1, 35.685859093611, 139.68918648117, '133002112301230330', 6, '2017-06-18 01:31:23'),
	(37, 2, 12, 2, NULL, 1, 35.686143147639, 139.68882719878, '133002112301230330', 5, '2017-06-18 01:31:23'),
	(38, 3, 6, NULL, NULL, 0, 35.685223789911, 139.68888099394, '133002112301230330', 3, '2017-06-18 01:31:23'),
	(39, 3, 4, 4, NULL, 0, 35.685113836703, 139.68885055598, '133002112301230332', 4, '2017-06-18 01:31:23'),
	(40, 3, 9, 2, NULL, 4, 35.685786328543, 139.68969016804, '133002112301230330', 4, '2017-06-18 01:31:23'),
	(41, 5, 12, 3, NULL, 2, 35.686310573227, 139.68820817865, '133002112301230303', 2, '2017-06-18 01:31:23'),
	(42, 3, 11, 2, NULL, 4, 35.685265524724, 139.68901677425, '133002112301230330', 0, '2017-06-18 01:31:23'),
	(43, 4, 11, NULL, NULL, 3, 35.685290903187, 139.6885753799, '133002112301230330', 2, '2017-06-18 01:31:23'),
	(44, 4, 8, 3, NULL, 3, 35.685182646046, 139.68855776841, '133002112301230332', 1, '2017-06-18 01:31:23'),
	(45, 1, 11, NULL, NULL, 0, 35.68678214175, 139.69003514086, '133002112301230313', 1, '2017-06-18 01:31:23'),
	(46, 6, 2, 2, NULL, 3, 35.689274349367, 139.69206366224, '133002112301231022', 1, '2017-06-18 01:31:23'),
	(47, 3, 5, 1, NULL, 4, 35.685319517634, 139.68902631954, '133002112301230330', 0, '2017-06-18 01:31:23'),
	(48, 6, 6, 3, 'この店はまあまあです。', 3, 35.689182895937, 139.69189006669, '133002112301231022', 3, '2017-06-18 01:31:23'),
	(49, 3, 4, 3, NULL, 4, 35.685535353101, 139.68886971324, '133002112301230330', 0, '2017-06-18 01:31:23'),
	(50, 2, 11, 2, NULL, 1, 35.686067071338, 139.68920255469, '133002112301230330', 0, '2017-06-18 01:31:23'),
	(51, 2, 11, 2, 'この店は普通です。', 1, 35.686129202674, 139.68917042388, '133002112301230330', 0, '2017-06-18 01:31:23'),
	(52, 2, 7, 3, NULL, 1, 35.686038048754, 139.6886263041, '133002112301230330', 0, '2017-06-18 01:31:23'),
	(53, 6, 8, NULL, NULL, 3, 35.689140685099, 139.69196426106, '133002112301231022', 0, '2017-06-18 01:31:23'),
	(54, 4, 3, NULL, NULL, 3, 35.685212746878, 139.68838779671, '133002112301230321', 1, '2017-06-18 01:31:23'),
	(55, 2, 4, 2, NULL, 1, 35.685973829513, 139.68892180097, '133002112301230330', 1, '2017-06-18 01:31:23'),
	(56, 1, 7, 3, NULL, 0, 35.686873360406, 139.68994751685, '133002112301230313', 0, '2017-06-18 01:31:23'),
	(57, 1, 7, 1, 'この店は普通です。', 0, 35.686864568685, 139.69028716603, '133002112301230313', 0, '2017-06-18 01:31:23'),
	(58, 4, 10, 3, NULL, 3, 35.685334755744, 139.68849006044, '133002112301230330', 2, '2017-06-18 01:31:23'),
	(59, 6, 2, 3, NULL, 3, 35.689321309359, 139.69161229277, '133002112301231022', 1, '2017-06-18 01:31:23'),
	(60, 5, 4, 3, NULL, 2, 35.686442680344, 139.68853939068, '133002112301230312', 1, '2017-06-18 01:31:23'),
	(61, 3, 9, NULL, NULL, 4, 35.685216223669, 139.68921693946, '133002112301230330', 2, '2017-06-18 01:31:23'),
	(62, 5, 11, NULL, NULL, 0, 35.686242770806, 139.68811317449, '133002112301230321', 1, '2017-06-18 01:31:23'),
	(63, 4, 1, 2, NULL, 3, 35.685176934405, 139.68841999173, '133002112301230332', 1, '2017-06-18 01:31:23'),
	(64, 5, 3, 3, 'これはレビューです。これはレビューです。これはレビューです。これはレビューです。これはレビューです。', 2, 35.686463314342, 139.68812214933, '133002112301230303', 0, '2017-06-18 01:31:23'),
	(65, 6, 10, 2, NULL, 3, 35.68927170405, 139.69217396731, '133002112301231022', 1, '2017-06-18 01:31:23'),
	(66, 6, 12, 3, NULL, 3, 35.689223256152, 139.69240148894, '133002112301231022', 2, '2017-06-18 01:31:23'),
	(67, 5, 3, NULL, NULL, 4, 35.686416676647, 139.68837768368, '133002112301230303', 1, '2017-06-18 01:31:23'),
	(68, 5, 9, NULL, NULL, 1, 35.686544491235, 139.68792941665, '133002112301230303', 3, '2017-06-18 01:31:23'),
	(69, 2, 9, 3, NULL, 1, 35.686002896828, 139.68873451827, '133002112301230330', 1, '2017-06-18 01:31:23'),
	(70, 6, 12, NULL, 'これはレビューです。これはレビューです。これはレビューです。これはレビューです。これはレビューです。', 3, 35.68912538141, 139.69214438423, '133002112301231022', 2, '2017-06-18 01:31:24'),
	(71, 6, 8, 2, NULL, 4, 35.689198517176, 139.691946973, '133002112301231022', 1, '2017-06-18 01:31:24'),
	(72, 3, 6, NULL, NULL, 0, 35.685299681602, 139.68864351117, '133002112301230330', 2, '2017-06-18 01:31:24'),
	(73, 3, 11, NULL, NULL, 1, 35.685347974659, 139.68943429953, '133002112301230330', 0, '2017-06-18 01:31:24'),
	(74, 1, 5, NULL, NULL, 0, 35.686895424332, 139.69009811912, '133002112301230313', 1, '2017-06-18 01:31:24'),
	(75, 1, 9, NULL, NULL, 0, 35.686688886103, 139.68998212447, '133002112301230313', 2, '2017-06-18 01:31:24'),
	(76, 1, 3, 3, NULL, 0, 35.686941523784, 139.69036466432, '133002112301230313', 1, '2017-06-18 01:31:24'),
	(77, 4, 6, NULL, NULL, 3, 35.685374651763, 139.68899501375, '133002112301230330', 0, '2017-06-18 01:31:24'),
	(78, 3, 1, NULL, NULL, 1, 35.685266760198, 139.68876288457, '133002112301230330', 3, '2017-06-18 01:31:24'),
	(79, 4, 5, 2, 'This is a review.', 3, 35.685374432353, 139.68857498086, '133002112301230330', 4, '2017-06-18 01:31:24'),
	(80, 5, 12, 2, NULL, 1, 35.686275118791, 139.68834489688, '133002112301230321', 2, '2017-06-18 01:31:24'),
	(81, 5, 8, 3, NULL, 4, 35.686281047874, 139.68846825079, '133002112301230330', 1, '2017-06-18 01:31:24'),
	(82, 2, 6, NULL, NULL, 1, 35.686230053862, 139.68937708075, '133002112301230330', 1, '2017-06-18 01:31:24'),
	(83, 5, 9, 3, NULL, 4, 35.686164103423, 139.68843036044, '133002112301230330', 0, '2017-06-18 01:31:24'),
	(84, 1, 7, 2, NULL, 0, 35.68681254617, 139.69017410445, '133002112301230313', 3, '2017-06-18 01:31:24'),
	(85, 1, 3, NULL, NULL, 0, 35.686845679689, 139.68990544766, '133002112301230313', 1, '2017-06-18 01:31:24'),
	(86, 6, 6, NULL, NULL, 4, 35.68932425615, 139.69221438814, '133002112301231022', 0, '2017-06-18 01:31:24'),
	(87, 2, 6, 1, NULL, 1, 35.686015171726, 139.68898809607, '133002112301230330', 1, '2017-06-18 01:31:24'),
	(88, 5, 6, NULL, NULL, 0, 35.686511793097, 139.68783218015, '133002112301230303', 0, '2017-06-18 01:31:24'),
	(89, 4, 10, 1, 'This is a review.', 3, 35.685187969971, 139.68858269098, '133002112301230332', 0, '2017-06-18 01:31:24'),
	(90, 3, 7, NULL, NULL, 1, 35.685444710677, 139.68859304441, '133002112301230330', 1, '2017-06-18 01:31:24'),
	(91, 3, 8, 2, NULL, 1, 35.685443173159, 139.68936577034, '133002112301230330', 0, '2017-06-18 01:31:24'),
	(92, 4, 12, 3, NULL, 3, 35.685204545638, 139.68843658369, '133002112301230330', 0, '2017-06-18 01:31:24'),
	(93, 3, 1, 2, NULL, 4, 35.685213694222, 139.68905853184, '133002112301230330', 0, '2017-06-18 01:31:24'),
	(94, 4, 9, 3, NULL, 3, 35.685470007996, 139.68844329216, '133002112301230330', 4, '2017-06-18 01:31:24'),
	(95, 1, 2, NULL, NULL, 0, 35.686916400946, 139.69042761914, '133002112301230313', 0, '2017-06-18 01:31:24'),
	(96, 3, 1, NULL, NULL, 0, 35.685162622346, 139.68887080195, '133002112301230332', 0, '2017-06-18 01:31:24'),
	(97, 3, 6, NULL, NULL, 1, 35.685337925685, 139.68852305986, '133002112301230330', 0, '2017-06-18 01:31:24'),
	(98, 4, 1, 2, NULL, 3, 35.685318782316, 139.68827643931, '133002112301230321', 1, '2017-06-18 01:31:24'),
	(99, 3, 8, 2, NULL, 0, 35.685582615627, 139.6897112708, '133002112301230330', 0, '2017-06-18 01:31:24'),
	(100, 1, 1, 3, NULL, 0, 35.686951527224, 139.68982565879, '133002112301230313', 2, '2017-06-18 01:31:24'),
	(101, 6, 4, 3, 'これはレビューです。これはレビューです。これはレビューです。これはレビューです。これはレビューです。', 3, 35.689285269034, 139.69212705969, '133002112301231022', 0, '2017-06-18 01:31:24'),
	(102, 1, 8, NULL, NULL, 0, 35.686904033854, 139.68966062239, '133002112301230312', 0, '2017-06-18 01:31:24'),
	(103, 1, 4, 3, NULL, 0, 35.687068945188, 139.69022124474, '133002112301230313', 2, '2017-06-18 01:31:24'),
	(104, 6, 11, NULL, NULL, 4, 35.689211296448, 139.69195479921, '133002112301231022', 2, '2017-06-18 01:31:24'),
	(105, 5, 7, 3, NULL, 3, 35.686234136017, 139.68816636869, '133002112301230321', 0, '2017-06-18 01:31:24'),
	(106, 3, 8, 3, NULL, 4, 35.68534879669, 139.68906334833, '133002112301230330', 1, '2017-06-18 01:31:24'),
	(107, 5, 10, 3, NULL, 3, 35.686312372892, 139.68811384017, '133002112301230303', 0, '2017-06-18 01:31:24'),
	(108, 4, 10, NULL, 'この店は普通です。', 3, 35.685325289842, 139.68875561818, '133002112301230330', 0, '2017-06-18 01:31:24'),
	(109, 4, 11, NULL, NULL, 3, 35.685318877407, 139.68838691174, '133002112301230321', 2, '2017-06-18 01:31:24'),
	(110, 5, 12, NULL, NULL, 1, 35.686280593905, 139.68786770398, '133002112301230321', 1, '2017-06-18 01:31:24'),
	(111, 4, 4, 3, NULL, 3, 35.685515550654, 139.68804884016, '133002112301230321', 1, '2017-06-18 01:31:24'),
	(112, 1, 8, 4, 'この店は普通です。', 0, 35.686831996964, 139.69044031938, '133002112301230313', 1, '2017-06-18 01:31:25'),
	(113, 2, 5, 3, NULL, 1, 35.686089889924, 139.68904160785, '133002112301230330', 1, '2017-06-18 01:31:25'),
	(114, 4, 2, NULL, 'This is a review.', 3, 35.685291252076, 139.68840241738, '133002112301230321', 1, '2017-06-18 01:31:25'),
	(115, 3, 1, 2, NULL, 0, 35.685629382487, 139.68854471655, '133002112301230330', 0, '2017-06-18 01:31:25'),
	(116, 3, 10, 3, NULL, 1, 35.685263304175, 139.68913040698, '133002112301230330', 2, '2017-06-18 01:31:25'),
	(117, 3, 8, 4, NULL, 1, 35.685314354301, 139.68926589403, '133002112301230330', 0, '2017-06-18 01:31:25'),
	(118, 3, 10, NULL, NULL, 4, 35.685330414815, 139.68892704777, '133002112301230330', 0, '2017-06-18 01:31:25'),
	(119, 3, 4, NULL, 'これはレビューです。これはレビューです。これはレビューです。これはレビューです。これはレビューです。', 1, 35.685592172194, 139.68958029342, '133002112301230330', 2, '2017-06-18 01:31:25'),
	(120, 1, 2, NULL, NULL, 0, 35.686807726335, 139.6900898408, '133002112301230313', 2, '2017-06-18 01:31:25'),
	(121, 4, 9, 2, NULL, 3, 35.685417144928, 139.68856539404, '133002112301230330', 0, '2017-06-18 01:31:25'),
	(122, 2, 6, NULL, NULL, 1, 35.686087752636, 139.68945105386, '133002112301230330', 0, '2017-06-18 01:31:25'),
	(123, 1, 8, 4, NULL, 0, 35.686894579493, 139.6897172948, '133002112301230312', 1, '2017-06-18 01:31:25'),
	(124, 4, 3, 2, 'この店はまあまあです。', 3, 35.685357429589, 139.68892794706, '133002112301230330', 0, '2017-06-18 01:31:25'),
	(125, 3, 6, 2, NULL, 4, 35.685240647579, 139.68900362124, '133002112301230330', 1, '2017-06-18 01:31:25'),
	(126, 2, 5, 2, NULL, 1, 35.686116258742, 139.68936333074, '133002112301230330', 1, '2017-06-18 01:31:25'),
	(127, 6, 2, 4, NULL, 4, 35.689373678001, 139.69194558457, '133002112301231022', 2, '2017-06-18 01:31:25'),
	(128, 3, 7, 2, NULL, 0, 35.685202132481, 139.68893891707, '133002112301230330', 1, '2017-06-18 01:31:25'),
	(129, 6, 12, 3, NULL, 3, 35.689286256866, 139.69214525607, '133002112301231022', 0, '2017-06-18 01:31:25'),
	(130, 3, 9, NULL, NULL, 1, 35.685199659522, 139.68927719656, '133002112301230330', 0, '2017-06-18 01:31:25'),
	(131, 1, 9, 3, NULL, 0, 35.686931215157, 139.68984695967, '133002112301230313', 3, '2017-06-18 01:31:25'),
	(132, 3, 12, 2, NULL, 0, 35.685188724584, 139.68895574375, '133002112301230332', 1, '2017-06-18 01:31:25'),
	(133, 2, 7, 2, NULL, 1, 35.685983843655, 139.68885195803, '133002112301230330', 1, '2017-06-18 01:31:25'),
	(134, 6, 6, 2, NULL, 3, 35.689148800084, 139.69220399803, '133002112301231022', 2, '2017-06-18 01:31:25'),
	(135, 2, 12, 3, NULL, 1, 35.685931305184, 139.68895333009, '133002112301230330', 3, '2017-06-18 01:31:25'),
	(136, 5, 3, 2, NULL, 0, 35.686334991228, 139.68836205856, '133002112301230303', 1, '2017-06-18 01:31:25'),
	(137, 3, 7, 2, NULL, 0, 35.68522330529, 139.68904533112, '133002112301230330', 1, '2017-06-18 01:31:25'),
	(138, 1, 1, NULL, NULL, 0, 35.686954882322, 139.69025676723, '133002112301230313', 4, '2017-06-18 01:31:25'),
	(139, 1, 4, NULL, NULL, 0, 35.687244919166, 139.68944192223, '133002112301230312', 0, '2017-06-18 01:31:25'),
	(140, 3, 1, 3, NULL, 0, 35.685344015032, 139.68875765679, '133002112301230330', 2, '2017-06-18 01:31:25'),
	(141, 3, 7, 2, 'この店は普通です。', 0, 35.685290846086, 139.68903536925, '133002112301230330', 2, '2017-06-18 01:31:25'),
	(142, 3, 8, 2, NULL, 0, 35.685281872416, 139.68884936937, '133002112301230330', 2, '2017-06-18 01:31:25'),
	(143, 2, 3, 2, NULL, 1, 35.685971855851, 139.68900945167, '133002112301230330', 0, '2017-06-18 01:31:25'),
	(144, 2, 8, 2, NULL, 1, 35.686130006887, 139.68848943788, '133002112301230330', 1, '2017-06-18 01:31:25'),
	(145, 1, 1, 3, NULL, 0, 35.686847841488, 139.69009999683, '133002112301230313', 0, '2017-06-18 01:31:25'),
	(146, 4, 3, 3, NULL, 3, 35.685258967839, 139.68834137245, '133002112301230321', 0, '2017-06-18 01:31:25'),
	(147, 1, 6, 2, NULL, 0, 35.686923903844, 139.69012400313, '133002112301230313', 1, '2017-06-18 01:31:25'),
	(148, 4, 5, 3, NULL, 3, 35.685346812222, 139.68899719665, '133002112301230330', 0, '2017-06-18 01:31:25'),
	(149, 3, 3, NULL, NULL, 4, 35.685635154983, 139.68948824412, '133002112301230330', 3, '2017-06-18 01:31:25'),
	(150, 2, 8, NULL, NULL, 1, 35.686251894006, 139.68943942012, '133002112301230330', 2, '2017-06-18 01:31:25'),
	(151, 2, 5, 4, NULL, 1, 35.686077002299, 139.68850026296, '133002112301230330', 2, '2017-06-18 01:31:25'),
	(152, 5, 4, NULL, NULL, 4, 35.686256901799, 139.68776878255, '133002112301230321', 0, '2017-06-18 01:31:25'),
	(153, 3, 8, 3, NULL, 1, 35.68549408885, 139.68873861232, '133002112301230330', 0, '2017-06-18 01:31:25'),
	(154, 4, 6, NULL, 'これはレビューです。これはレビューです。これはレビューです。これはレビューです。これはレビューです。', 3, 35.685292506469, 139.68839975134, '133002112301230321', 2, '2017-06-18 01:31:26'),
	(155, 2, 9, 3, 'これはレビューです。これはレビューです。これはレビューです。これはレビューです。これはレビューです。', 1, 35.686059008989, 139.68857608431, '133002112301230330', 1, '2017-06-18 01:31:26'),
	(156, 6, 11, 3, NULL, 3, 35.689240419351, 139.69235742927, '133002112301231022', 2, '2017-06-18 01:31:26'),
	(157, 3, 7, 2, NULL, 1, 35.685188726152, 139.68938427218, '133002112301230332', 1, '2017-06-18 01:31:26'),
	(158, 5, 1, NULL, NULL, 3, 35.686244699262, 139.68858681981, '133002112301230330', 0, '2017-06-18 01:31:26'),
	(159, 3, 11, NULL, 'この店はまあまあです。', 0, 35.685412968163, 139.68921742231, '133002112301230330', 0, '2017-06-18 01:31:26'),
	(160, 3, 4, 3, NULL, 1, 35.685271349074, 139.68853551121, '133002112301230330', 0, '2017-06-18 01:31:26'),
	(161, 1, 6, 2, NULL, 0, 35.686746429401, 139.69032846172, '133002112301230313', 0, '2017-06-18 01:31:26'),
	(162, 1, 1, 3, NULL, 0, 35.686863311492, 139.68940028077, '133002112301230312', 0, '2017-06-18 01:31:26'),
	(163, 4, 1, 3, NULL, 3, 35.68528068539, 139.68820077518, '133002112301230321', 0, '2017-06-18 01:31:26'),
	(164, 3, 12, 3, NULL, 4, 35.685291322774, 139.68898295311, '133002112301230330', 2, '2017-06-18 01:31:26'),
	(165, 2, 9, 3, NULL, 1, 35.686098464062, 139.68901820792, '133002112301230330', 0, '2017-06-18 01:31:26'),
	(166, 2, 1, 2, NULL, 1, 35.68627268805, 139.68850353614, '133002112301230330', 0, '2017-06-18 01:31:26'),
	(167, 5, 2, 3, 'これはレビューです。これはレビューです。これはレビューです。これはレビューです。これはレビューです。', 2, 35.686530539556, 139.68859616639, '133002112301230312', 1, '2017-06-18 01:31:26'),
	(168, 2, 8, NULL, NULL, 1, 35.686039718969, 139.68935540233, '133002112301230330', 0, '2017-06-18 01:31:26'),
	(169, 3, 12, 3, NULL, 4, 35.685307314586, 139.68926767083, '133002112301230330', 2, '2017-06-18 01:31:26'),
	(170, 4, 4, 2, 'この店は普通です。', 3, 35.685345489801, 139.68826219288, '133002112301230321', 0, '2017-06-18 01:31:26'),
	(171, 6, 3, 3, NULL, 3, 35.689202913964, 139.69196668707, '133002112301231022', 0, '2017-06-18 01:31:26'),
	(172, 1, 7, 1, NULL, 0, 35.687295494889, 139.69059497263, '133002112301230313', 1, '2017-06-18 01:31:26'),
	(173, 5, 11, NULL, NULL, 4, 35.686498434064, 139.68798998263, '133002112301230303', 1, '2017-06-18 01:31:26'),
	(174, 4, 12, NULL, NULL, 3, 35.685219349721, 139.68842423118, '133002112301230330', 2, '2017-06-18 01:31:26'),
	(175, 4, 9, 3, NULL, 3, 35.68540150627, 139.68847706491, '133002112301230330', 2, '2017-06-18 01:31:26'),
	(176, 4, 7, 2, NULL, 3, 35.68540247844, 139.68830279033, '133002112301230321', 2, '2017-06-18 01:31:26'),
	(177, 6, 8, 3, NULL, 4, 35.689311158446, 139.69162260741, '133002112301231022', 0, '2017-06-18 01:31:26'),
	(178, 5, 1, 1, NULL, 2, 35.686310419845, 139.68823153956, '133002112301230303', 0, '2017-06-18 01:31:26'),
	(179, 4, 6, 3, NULL, 3, 35.685475359386, 139.68884105006, '133002112301230330', 0, '2017-06-18 01:31:26'),
	(180, 2, 12, 2, NULL, 1, 35.685971993851, 139.6888277791, '133002112301230330', 1, '2017-06-18 01:31:26'),
	(181, 4, 1, 2, NULL, 3, 35.685311948141, 139.68841663627, '133002112301230330', 1, '2017-06-18 01:31:26'),
	(182, 4, 5, NULL, NULL, 3, 35.685261352076, 139.6886176995, '133002112301230330', 1, '2017-06-18 01:31:26'),
	(183, 3, 6, 4, NULL, 1, 35.685298860861, 139.68909520082, '133002112301230330', 0, '2017-06-18 01:31:26'),
	(184, 5, 10, 2, NULL, 1, 35.686525380865, 139.68786722609, '133002112301230303', 1, '2017-06-18 01:31:26'),
	(185, 5, 4, 2, NULL, 2, 35.686380548405, 139.68817788296, '133002112301230303', 1, '2017-06-18 01:31:26'),
	(186, 6, 8, NULL, NULL, 4, 35.689339648893, 139.69247357629, '133002112301231022', 1, '2017-06-18 01:31:26'),
	(187, 5, 5, 3, NULL, 2, 35.68658281076, 139.68828316244, '133002112301230303', 0, '2017-06-18 01:31:26'),
	(188, 1, 7, 3, NULL, 0, 35.68683949212, 139.69010120509, '133002112301230313', 0, '2017-06-18 01:31:26'),
	(189, 2, 10, NULL, NULL, 1, 35.685932533991, 139.68898065947, '133002112301230330', 1, '2017-06-18 01:31:26'),
	(190, 6, 9, NULL, NULL, 4, 35.68905817924, 139.69189162804, '133002112301231022', 0, '2017-06-18 01:31:26'),
	(191, 2, 6, 3, NULL, 1, 35.685921406883, 139.68883373688, '133002112301230330', 0, '2017-06-18 01:31:26'),
	(192, 3, 7, 3, NULL, 1, 35.685116667599, 139.68908824868, '133002112301230332', 3, '2017-06-18 01:31:26'),
	(193, 1, 8, 3, NULL, 0, 35.686961586428, 139.68997781599, '133002112301230313', 1, '2017-06-18 01:31:26'),
	(194, 2, 12, NULL, NULL, 1, 35.686140349875, 139.68926328388, '133002112301230330', 1, '2017-06-18 01:31:26'),
	(195, 3, 1, 3, NULL, 1, 35.685217278185, 139.6888459097, '133002112301230330', 1, '2017-06-18 01:31:26'),
	(196, 1, 9, NULL, NULL, 0, 35.686898502395, 139.68993896839, '133002112301230313', 1, '2017-06-18 01:31:27'),
	(197, 2, 11, 3, NULL, 1, 35.685906319418, 139.68882102275, '133002112301230330', 2, '2017-06-18 01:31:27'),
	(198, 6, 2, NULL, NULL, 4, 35.689154233312, 139.69218385927, '133002112301231022', 0, '2017-06-18 01:31:27'),
	(199, 6, 4, 3, NULL, 4, 35.689246338762, 139.69208032026, '133002112301231022', 0, '2017-06-18 01:31:27'),
	(200, 3, 10, 3, 'この店はまあまあです。', 0, 35.68522425243, 139.68926188719, '133002112301230330', 0, '2017-06-18 01:31:27');


INSERT INTO likes (review_id, user_id, liked_at)
VALUES
	(1, 1, NULL),
	(1, 2, NULL),
	(1, 3, NULL),
	(1, 4, NULL),
	(1, 5, NULL),
	(1, 6, NULL),
	(1, 7, NULL),
	(1, 8, NULL),
	(1, 9, NULL),
	(1, 10, NULL),
	(2, 1, NULL),
	(2, 2, NULL),
	(2, 3, NULL),
	(2, 4, NULL),
	(2, 5, NULL),
	(2, 6, NULL),
	(2, 7, NULL),
	(2, 8, NULL),
	(2, 9, NULL),
	(2, 10, NULL),
	(2, 11, NULL),
	(3, 2, NULL),
	(3, 3, NULL),
	(3, 4, NULL),
	(3, 5, NULL),
	(3, 6, NULL),
	(3, 7, NULL),
	(3, 8, NULL),
	(3, 10, NULL),
	(3, 11, NULL),
	(4, 1, NULL),
	(4, 2, NULL),
	(4, 3, NULL),
	(4, 7, NULL),
	(4, 8, NULL),
	(4, 9, NULL),
	(4, 10, NULL),
	(4, 11, NULL),
	(5, 2, NULL),
	(5, 3, NULL),
	(5, 4, NULL),
	(5, 5, NULL),
	(5, 6, NULL),
	(5, 7, NULL),
	(5, 8, NULL),
	(5, 9, NULL),
	(5, 11, NULL),
	(6, 1, NULL),
	(6, 2, NULL),
	(6, 3, NULL),
	(6, 4, NULL),
	(6, 5, NULL),
	(6, 7, NULL),
	(6, 8, NULL),
	(6, 10, NULL),
	(7, 1, NULL),
	(7, 3, NULL),
	(7, 6, NULL),
	(7, 7, NULL),
	(7, 9, NULL),
	(7, 10, NULL),
	(7, 11, NULL),
	(8, 3, NULL),
	(8, 5, NULL),
	(8, 7, NULL),
	(8, 8, NULL),
	(8, 9, NULL),
	(8, 10, NULL),
	(9, 1, NULL),
	(9, 2, NULL),
	(9, 3, NULL),
	(9, 4, NULL),
	(9, 5, NULL),
	(9, 7, NULL),
	(9, 9, NULL),
	(10, 1, NULL),
	(10, 2, NULL),
	(10, 3, NULL),
	(10, 4, NULL),
	(10, 6, NULL),
	(10, 9, NULL),
	(10, 11, NULL),
	(11, 5, NULL),
	(11, 6, NULL),
	(11, 7, NULL),
	(12, 1, NULL),
	(12, 2, NULL),
	(12, 3, NULL),
	(12, 4, NULL),
	(12, 5, NULL),
	(12, 8, NULL),
	(12, 9, NULL),
	(13, 1, NULL),
	(13, 2, NULL),
	(13, 7, NULL),
	(13, 11, NULL),
	(14, 3, NULL),
	(14, 6, NULL),
	(14, 7, NULL),
	(14, 11, NULL),
	(15, 9, NULL),
	(15, 10, NULL),
	(16, 3, NULL),
	(16, 4, NULL),
	(16, 8, NULL),
	(16, 9, NULL),
	(16, 10, NULL),
	(17, 4, NULL),
	(17, 6, NULL),
	(17, 7, NULL),
	(17, 10, NULL),
	(18, 9, NULL),
	(18, 10, NULL),
	(19, 1, NULL),
	(19, 2, NULL),
	(19, 3, NULL),
	(19, 4, NULL),
	(19, 5, NULL),
	(19, 6, NULL),
	(19, 9, NULL),
	(20, 2, NULL),
	(20, 3, NULL),
	(20, 8, NULL),
	(20, 9, NULL),
	(21, 2, NULL),
	(21, 3, NULL),
	(21, 4, NULL),
	(21, 5, NULL),
	(21, 9, NULL),
	(21, 11, NULL),
	(22, 2, NULL),
	(22, 3, NULL),
	(22, 4, NULL),
	(22, 6, NULL),
	(22, 7, NULL),
	(22, 8, NULL),
	(22, 9, NULL),
	(22, 11, NULL),
	(23, 2, NULL),
	(23, 6, NULL),
	(23, 11, NULL),
	(24, 3, NULL),
	(24, 5, NULL),
	(24, 6, NULL),
	(24, 9, NULL),
	(24, 11, NULL),
	(25, 6, NULL),
	(25, 7, NULL),
	(25, 8, NULL),
	(25, 11, NULL),
	(26, 1, NULL),
	(26, 7, NULL),
	(26, 8, NULL),
	(27, 2, NULL),
	(27, 3, NULL),
	(27, 4, NULL),
	(27, 9, NULL),
	(28, 4, NULL),
	(28, 7, NULL),
	(28, 8, NULL),
	(28, 9, NULL),
	(28, 11, NULL),
	(29, 2, NULL),
	(29, 3, NULL),
	(29, 5, NULL),
	(29, 6, NULL),
	(29, 7, NULL),
	(29, 11, NULL),
	(30, 6, NULL),
	(30, 7, NULL),
	(30, 10, NULL),
	(30, 11, NULL),
	(31, 1, NULL),
	(31, 2, NULL),
	(31, 3, NULL),
	(31, 7, NULL),
	(31, 9, NULL),
	(32, 2, NULL),
	(32, 4, NULL),
	(32, 8, NULL),
	(32, 10, NULL),
	(33, 2, NULL),
	(33, 3, NULL),
	(33, 4, NULL),
	(33, 5, NULL),
	(33, 6, NULL),
	(33, 8, NULL),
	(33, 9, NULL),
	(34, 1, NULL),
	(34, 3, NULL),
	(34, 6, NULL),
	(34, 7, NULL),
	(34, 8, NULL),
	(34, 9, NULL),
	(34, 11, NULL),
	(35, 1, NULL),
	(35, 3, NULL),
	(35, 5, NULL),
	(35, 6, NULL),
	(35, 8, NULL),
	(36, 5, NULL),
	(36, 6, NULL),
	(36, 7, NULL),
	(36, 9, NULL),
	(36, 11, NULL),
	(37, 1, NULL),
	(37, 3, NULL),
	(37, 5, NULL),
	(37, 8, NULL),
	(37, 10, NULL),
	(37, 11, NULL),
	(38, 1, NULL),
	(38, 3, NULL),
	(38, 5, NULL),
	(38, 10, NULL),
	(38, 11, NULL),
	(39, 1, NULL),
	(39, 2, NULL),
	(39, 3, NULL),
	(39, 7, NULL),
	(39, 8, NULL),
	(39, 9, NULL),
	(40, 2, NULL),
	(40, 3, NULL),
	(40, 4, NULL),
	(40, 5, NULL),
	(40, 7, NULL),
	(40, 8, NULL),
	(40, 9, NULL),
	(41, 4, NULL),
	(41, 10, NULL),
	(42, 2, NULL),
	(43, 3, NULL),
	(43, 5, NULL),
	(44, 6, NULL),
	(45, 9, NULL),
	(46, 6, NULL),
	(46, 7, NULL),
	(47, 5, NULL),
	(49, 3, NULL),
	(49, 4, NULL),
	(50, 10, NULL),
	(51, 3, NULL),
	(51, 6, NULL),
	(51, 7, NULL),
	(52, 3, NULL),
	(52, 5, NULL),
	(54, 3, NULL),
	(54, 6, NULL),
	(55, 7, NULL),
	(57, 1, NULL),
	(59, 1, NULL),
	(61, 3, NULL),
	(61, 4, NULL),
	(63, 5, NULL),
	(63, 10, NULL),
	(65, 3, NULL),
	(67, 1, NULL),
	(67, 9, NULL),
	(67, 10, NULL),
	(68, 2, NULL),
	(69, 2, NULL),
	(69, 7, NULL),
	(69, 11, NULL),
	(70, 1, NULL),
	(70, 3, NULL),
	(70, 6, NULL),
	(72, 5, NULL),
	(75, 3, NULL),
	(75, 7, NULL),
	(76, 3, NULL),
	(77, 8, NULL),
	(78, 5, NULL),
	(81, 6, NULL),
	(82, 10, NULL),
	(87, 3, NULL),
	(87, 11, NULL),
	(89, 1, NULL),
	(89, 3, NULL),
	(89, 6, NULL),
	(89, 7, NULL),
	(89, 10, NULL),
	(90, 9, NULL),
	(91, 7, NULL),
	(94, 2, NULL),
	(96, 3, NULL),
	(98, 5, NULL),
	(98, 7, NULL),
	(98, 8, NULL),
	(100, 3, NULL),
	(100, 7, NULL),
	(100, 10, NULL),
	(101, 6, NULL),
	(102, 8, NULL),
	(102, 10, NULL),
	(103, 6, NULL),
	(109, 7, NULL),
	(110, 5, NULL),
	(111, 2, NULL),
	(111, 3, NULL),
	(112, 6, NULL),
	(112, 7, NULL),
	(113, 2, NULL),
	(113, 4, NULL),
	(115, 5, NULL),
	(115, 9, NULL),
	(116, 4, NULL),
	(117, 1, NULL),
	(121, 9, NULL),
	(123, 9, NULL),
	(123, 11, NULL),
	(124, 8, NULL),
	(124, 9, NULL),
	(126, 9, NULL),
	(131, 4, NULL),
	(134, 11, NULL),
	(135, 6, NULL),
	(137, 2, NULL),
	(137, 9, NULL),
	(139, 8, NULL),
	(139, 9, NULL),
	(140, 2, NULL),
	(140, 3, NULL),
	(142, 1, NULL),
	(142, 7, NULL),
	(143, 3, NULL),
	(144, 6, NULL),
	(149, 1, NULL),
	(149, 8, NULL),
	(150, 6, NULL),
	(153, 6, NULL),
	(154, 7, NULL),
	(154, 8, NULL),
	(156, 4, NULL),
	(156, 5, NULL),
	(157, 5, NULL),
	(158, 4, NULL),
	(158, 5, NULL),
	(160, 3, NULL),
	(160, 5, NULL),
	(161, 9, NULL),
	(161, 11, NULL),
	(162, 8, NULL),
	(163, 4, NULL),
	(164, 7, NULL),
	(165, 11, NULL),
	(166, 10, NULL),
	(169, 3, NULL),
	(170, 7, NULL),
	(172, 3, NULL),
	(173, 7, NULL),
	(174, 4, NULL),
	(174, 7, NULL),
	(175, 4, NULL),
	(176, 4, NULL),
	(176, 11, NULL),
	(179, 2, NULL),
	(180, 9, NULL),
	(181, 4, NULL),
	(182, 9, NULL),
	(183, 9, NULL),
	(183, 11, NULL),
	(184, 4, NULL),
	(184, 7, NULL),
	(185, 7, NULL),
	(186, 5, NULL),
	(186, 6, NULL),
	(187, 6, NULL),
	(188, 3, NULL),
	(189, 5, NULL),
	(190, 7, NULL),
	(191, 5, NULL),
	(192, 2, NULL),
	(192, 5, NULL),
	(193, 4, NULL),
	(195, 1, NULL),
	(195, 11, NULL),
	(196, 1, NULL),
	(196, 5, NULL),
	(198, 1, NULL),
	(198, 6, NULL),
	(198, 11, NULL),
	(199, 5, NULL),
	(200, 9, NULL);

COMMIT;
